project_or_paper	file_count
01_进组总计划_OE1_材料交付	105
01_进组总计划_OE1_材料交付/99_其他相关计划与状态	40
02_四论文Ownership主线/00_共享合同_计划_验收	32
02_四论文Ownership主线/01_EdgeIM	65
02_四论文Ownership主线/01_EdgeIM/历史联卷	3
02_四论文Ownership主线/02_sigRank	13
02_四论文Ownership主线/03_GroundTruth_Sommers	18
02_四论文Ownership主线/04_CrossEdgeIM	12
03_鲁组其他论文与研究谱系/00_鲁组PN四篇联卷	2
03_鲁组其他论文与研究谱系/01_SBTPN	6
03_鲁组其他论文与研究谱系/02_PNULOCK	4
03_鲁组其他论文与研究谱系/03_UAF_PN_VFG	3
03_鲁组其他论文与研究谱系/04_SEGLOCK_DeadlockSeg	4
03_鲁组其他论文与研究谱系/05_SBPN	3
03_鲁组其他论文与研究谱系/06_MHP	3
03_鲁组其他论文与研究谱系/07_Deadlock_JOS2021	5
03_鲁组其他论文与研究谱系/08_导师画像_谱系_团队	6
03_鲁组其他论文与研究谱系/09_前沿待跟踪/01_Agentproof	1
03_鲁组其他论文与研究谱系/09_前沿待跟踪/02_CausalPastLogic	1
03_鲁组其他论文与研究谱系/09_前沿待跟踪/03_ObjectCentricConformance	1
03_鲁组其他论文与研究谱系/09_前沿待跟踪/04_TraceCompiler	1
03_鲁组其他论文与研究谱系/09_前沿待跟踪/05_CN119477231B	2
03_鲁组其他论文与研究谱系/99_其他论文与盘点	21
04_Bridge与迁移研究	26
05_科研台_学习台_工作台支撑	131
05_科研台_学习台_工作台支撑/原始输入	1
06_九月研究刷新/01_工业界_IND1	1
06_九月研究刷新/02_学术增量与被引_RS	3
07_专项训练与待学论文包/01_ra26_EvoAgent	3
07_专项训练与待学论文包/02_ra28_MindBridge	10
07_专项训练与待学论文包/03_ra30_记忆与Petri网	9
07_专项训练与待学论文包/04_ProbGuard	11
07_专项训练与待学论文包/05_AgentSpec	8
07_专项训练与待学论文包/06_FoldA	7
07_专项训练与待学论文包/07_INTIMA	7
07_专项训练与待学论文包/08_Anchor	7
07_专项训练与待学论文包/09_EmoAgent	9
07_专项训练与待学论文包/09_EmoAgent/相关论文	1
07_专项训练与待学论文包/10_EvoAgent_Phase1历史复习	7
08_科研方法与长期成长材料	3
08_科研方法与长期成长材料/通用学习基础	40
