project_or_paper	scope	kind	source_path	mtime_local	bytes	sha256	package_path	materialized_from
05_科研台_学习台_工作台支撑	九月新增或相关产出	任务日志	/mnt/d/MyResearch/MAS_Safety_Project/progress/task_logs/2026/09/2026-09-18__research__two-desks-plugin-mechanism-deep-scan.md	2026-09-18 07:46:17.508209900 -0700	10409	51aca09f255c43a59a9e46b28071b3a5abadb2b264ca5dbb1797ac313a2705a8	05_科研台_学习台_工作台支撑/任务日志/2026/09/2026-09-18__research__two-desks-plugin-mechanism-deep-scan.md	current_source
01_进组总计划_OE1_材料交付/99_其他相关计划与状态	九月新增或相关产出	任务日志	/mnt/d/MyResearch/MAS_Safety_Project/progress/task_logs/INDEX.md	2026-09-18 07:43:51.163054800 -0700	150687	a35479b654acc40f1606a5a047b11094ecc059e94ce3e78032ec76977e1d10fa	01_进组总计划_OE1_材料交付/99_其他相关计划与状态/任务日志/INDEX.md	current_source
05_科研台_学习台_工作台支撑	九月新增或相关产出	计划或决策	/mnt/d/MyResearch/MAS_Safety_Project/progress/decisions/two-desks-delta-20260914/REFERENCE_NOTES_20260915.md	2026-09-18 07:41:58.363642100 -0700	64278	c16ed85be78d68c714e3df3c5c915da78365eb37df0c23ad08ffb5f6a71789d9	05_科研台_学习台_工作台支撑/计划与决策/two-desks-delta-20260914/REFERENCE_NOTES_20260915.md	current_source
05_科研台_学习台_工作台支撑	九月新增或相关产出	任务日志	/mnt/d/MyResearch/MAS_Safety_Project/progress/task_logs/2026/09/2026-09-18__archive__workbench-research-desk-plugin-reference-batch.md	2026-09-18 06:35:35.348508400 -0700	8256	6f17743094cab4fb15c4a4d7841e894abddff4223164d14d5306df676b1580c7	05_科研台_学习台_工作台支撑/任务日志/2026/09/2026-09-18__archive__workbench-research-desk-plugin-reference-batch.md	current_source
01_进组总计划_OE1_材料交付	九月新增或相关产出	任务日志	/mnt/d/MyResearch/MAS_Safety_Project/progress/task_logs/2026/09/2026-09-17__archive__all-progress-and-group-entry-packages.md	2026-09-17 08:02:17.688809100 -0700	3465	f6809ed442344e74585a3941b150f053b3ed105428a9cf3998c4a9724e89489e	01_进组总计划_OE1_材料交付/任务日志/2026/09/2026-09-17__archive__all-progress-and-group-entry-packages.md	current_source
01_进组总计划_OE1_材料交付/99_其他相关计划与状态	九月新增或相关产出	交接与恢复	/mnt/d/MyResearch/MAS_Safety_Project/progress/handoff/INDEX.md	2026-09-17 08:01:31.048900100 -0700	54883	a8eeab387f15d6a83107113a7835f762c0a7517869efafc6068c58456fab9fe7	01_进组总计划_OE1_材料交付/99_其他相关计划与状态/交接与恢复/INDEX.md	current_source
01_进组总计划_OE1_材料交付	九月新增或相关产出	交接与恢复	/mnt/d/MyResearch/MAS_Safety_Project/progress/handoff/2026-09-17__all-progress-and-group-entry-packages__handoff.md	2026-09-17 08:00:33.477539000 -0700	15892	ecca148dcc48a20df20545694f57f9a22e6dce8f04290808f7b7f3e6ca91414f	01_进组总计划_OE1_材料交付/交接与恢复/2026-09-17__all-progress-and-group-entry-packages__handoff.md	current_source
01_进组总计划_OE1_材料交付	九月新增或相关产出	任务日志	/mnt/d/MyResearch/MAS_Safety_Project/progress/task_logs/2026/09/2026-09-17__learning__group-entry-package-import.md	2026-09-17 07:47:49.162697500 -0700	5389	29e02dcd4bee23e70207029f8a9a1ef29bf2fd0cee8e9b5306cd8cb428580e96	01_进组总计划_OE1_材料交付/任务日志/2026/09/2026-09-17__learning__group-entry-package-import.md	current_source
05_科研台_学习台_工作台支撑	九月新增或相关产出	任务日志	/mnt/d/MyResearch/MAS_Safety_Project/progress/task_logs/2026/09/2026-09-17__engineering__two-desks-base-trial.md	2026-09-17 06:57:19.859598200 -0700	7371	911951412e610ec27c4c3f0880380b87bc377e92c409fc78c8e9f376859b59d2	05_科研台_学习台_工作台支撑/任务日志/2026/09/2026-09-17__engineering__two-desks-base-trial.md	current_source
05_科研台_学习台_工作台支撑	九月新增或相关产出	计划或决策	/mnt/d/MyResearch/MAS_Safety_Project/progress/decisions/2026-09-17__research__two-desks-purpose-redefinition-proposal.md	2026-09-17 06:51:39.890539200 -0700	19720	550f34596ccf56b256aab01f99134ee2ea60fa3343cd3fd7b4952effd7ec9365	05_科研台_学习台_工作台支撑/计划与决策/2026-09-17__research__two-desks-purpose-redefinition-proposal.md	current_source
05_科研台_学习台_工作台支撑	九月新增或相关产出	任务日志	/mnt/d/MyResearch/MAS_Safety_Project/progress/task_logs/2026/09/2026-09-17__research__two-desks-panorama-and-reference-list-review.md	2026-09-17 06:10:48.308204500 -0700	8025	2101f5441aab0b64895bbc754eec524b053ceaf2a407fe47d6b0026c2127c376	05_科研台_学习台_工作台支撑/任务日志/2026/09/2026-09-17__research__two-desks-panorama-and-reference-list-review.md	current_source
05_科研台_学习台_工作台支撑	九月新增或相关产出	计划或决策	/mnt/d/MyResearch/MAS_Safety_Project/progress/decisions/two-desks-delta-20260914/README.md	2026-09-17 01:49:38.276723100 -0700	14592	9f7e8fcef2524a5238c6c357548bc891a867735a115909202ecf0b8865143b01	05_科研台_学习台_工作台支撑/计划与决策/two-desks-delta-20260914/README.md	current_source
05_科研台_学习台_工作台支撑	九月新增或相关产出	任务日志	/mnt/d/MyResearch/MAS_Safety_Project/progress/task_logs/2026/09/2026-09-17__archive__research-desk-workbench-global-handoff.md	2026-09-17 01:49:38.237435000 -0700	1933	020f3cabf98f170bfbdd27fe98e4179cb31a006cc378efead286744841351275	05_科研台_学习台_工作台支撑/任务日志/2026/09/2026-09-17__archive__research-desk-workbench-global-handoff.md	current_source
05_科研台_学习台_工作台支撑	九月新增或相关产出	交接与恢复	/mnt/d/MyResearch/MAS_Safety_Project/progress/handoff/2026-09-17__research-desk-workbench-global__handoff.md	2026-09-17 01:49:38.206504300 -0700	9549	bb21b681b522c8a1d28941052a92f0b96094ed55734e8375d5de1691d6ca1402	05_科研台_学习台_工作台支撑/交接与恢复/2026-09-17__research-desk-workbench-global__handoff.md	current_source
05_科研台_学习台_工作台支撑	九月新增或相关产出	任务日志	/mnt/d/MyResearch/MAS_Safety_Project/progress/task_logs/2026/09/2026-09-16__research__research-copilot-cockpit-g0-freeze.md	2026-09-17 01:47:16.813998700 -0700	5530	b32ecf652e0bf7927c21242afcab68159e2bcaca419dddb1902942207675e1f5	05_科研台_学习台_工作台支撑/任务日志/2026/09/2026-09-16__research__research-copilot-cockpit-g0-freeze.md	current_source
05_科研台_学习台_工作台支撑	九月新增或相关产出	交接与恢复	/mnt/d/MyResearch/MAS_Safety_Project/progress/handoff/2026-09-17__research-copilot-cockpit-g0__handoff.md	2026-09-17 01:47:16.784695700 -0700	3148	0bb2ff75830acf8ad46c70aa6ea83974646d40f2f22cbe8e704229ae0e7ea037	05_科研台_学习台_工作台支撑/交接与恢复/2026-09-17__research-copilot-cockpit-g0__handoff.md	current_source
05_科研台_学习台_工作台支撑	九月新增或相关产出	交接与恢复	/mnt/d/MyResearch/MAS_Safety_Project/progress/handoff/2026-09-17__research-copilot-user-trial-save-failure__handoff.md	2026-09-17 01:47:16.756520500 -0700	3416	a5731e2c9d93fb0fc2c0b351c2d741c65229a88a72eb79b5fbd7b9dae8e253e8	05_科研台_学习台_工作台支撑/交接与恢复/2026-09-17__research-copilot-user-trial-save-failure__handoff.md	current_source
05_科研台_学习台_工作台支撑	九月新增或相关产出	计划或决策	/mnt/d/MyResearch/MAS_Safety_Project/progress/decisions/two-desks-delta-20260914/_review/20260917_cockpit-g0-independent-review.md	2026-09-17 01:35:26.929936300 -0700	4603	30689ad14053d5e0b5cfaac7f141e53b6b841381d5a5f459a2de2d31a55660dd	05_科研台_学习台_工作台支撑/计划与决策/two-desks-delta-20260914/_review/20260917_cockpit-g0-independent-review.md	current_source
05_科研台_学习台_工作台支撑	九月新增或相关产出	计划或决策	/mnt/d/MyResearch/MAS_Safety_Project/progress/decisions/two-desks-delta-20260914/RESEARCH_COPILOT_G0_FREEZE.md	2026-09-17 01:35:26.882119300 -0700	24707	3b4a029305925872beb8cf5ce9cfaa10bddf797ff2d56938fd6a3bee3c5e5207	05_科研台_学习台_工作台支撑/计划与决策/two-desks-delta-20260914/RESEARCH_COPILOT_G0_FREEZE.md	current_source
01_进组总计划_OE1_材料交付	九月产出_0917学习包已纳入	任务日志	/mnt/d/MyResearch/MAS_Safety_Project/progress/task_logs/2026/09/2026-09-17__research__jinzu-extension-master-contract-and-wave0.md	2026-09-17 01:33:43.596004200 -0700	2835	cddac7d94d86964cc631f09aed3e646e1774925255c4611d3533c2f0613169e1	01_进组总计划_OE1_材料交付/任务日志/2026/09/2026-09-17__research__jinzu-extension-master-contract-and-wave0.md	current_source
01_进组总计划_OE1_材料交付	九月新增或相关产出	计划或决策	/mnt/d/MyResearch/MAS_Safety_Project/progress/decisions/2026-09-17__research__jinzu-extension-wave1-receipt.md	2026-09-17 01:33:43.572724600 -0700	2268	6eed4d57adf9543cb96addf951e4dab8c73a212fcfe750e034887b43393640f4	01_进组总计划_OE1_材料交付/计划与决策/2026-09-17__research__jinzu-extension-wave1-receipt.md	current_source
05_科研台_学习台_工作台支撑	九月新增或相关产出	计划或决策	/mnt/d/MyResearch/MAS_Safety_Project/progress/decisions/two-desks-delta-20260914/RESEARCH_COPILOT_PROJECT_COCKPIT_PLAN.md	2026-09-17 01:33:25.764532500 -0700	24051	4eb446c1a23e18ae9fe553574b621f030ffbf3bd0a41c6e1d37366c7eb3b6d94	05_科研台_学习台_工作台支撑/计划与决策/two-desks-delta-20260914/RESEARCH_COPILOT_PROJECT_COCKPIT_PLAN.md	current_source
01_进组总计划_OE1_材料交付	九月新增或相关产出	计划或决策	/mnt/d/MyResearch/MAS_Safety_Project/progress/decisions/2026-09-17__research__jinzu-extension-master-execution-contract.md	2026-09-17 01:32:32.136930300 -0700	9742	dc76d676cc985d94dc58a5d62ae7affeebfd5eee29c19250ffa47bad87e63580	01_进组总计划_OE1_材料交付/计划与决策/2026-09-17__research__jinzu-extension-master-execution-contract.md	current_source
01_进组总计划_OE1_材料交付	九月新增或相关产出	计划或决策	/mnt/d/MyResearch/MAS_Safety_Project/progress/decisions/2026-09-17__research__jinzu-extension-wave1-launch-contract.md	2026-09-17 01:13:54.705329700 -0700	3450	f688d7a3034db4f5806d8c44a3f1fdc5007d32173b1b9f32a0bd0207dc9cb65e	01_进组总计划_OE1_材料交付/计划与决策/2026-09-17__research__jinzu-extension-wave1-launch-contract.md	current_source
01_进组总计划_OE1_材料交付	九月新增或相关产出	计划或决策	/mnt/d/MyResearch/MAS_Safety_Project/progress/decisions/2026-09-17__research__jinzu-extension-wave0-receipt.md	2026-09-17 00:38:54.624642100 -0700	3798	07e5289937d9346f4adc286d77cfcb1a0ddf5220b1610aea683849ee6cf66a05	01_进组总计划_OE1_材料交付/计划与决策/2026-09-17__research__jinzu-extension-wave0-receipt.md	current_source
01_进组总计划_OE1_材料交付	九月新增或相关产出	交接与恢复	/mnt/d/MyResearch/MAS_Safety_Project/progress/handoff/2026-09-17__outreach__oe1-br1-decision-and-draft-ab.md	2026-09-17 00:25:06.159075700 -0700	7859	27fc5c73e698620a07e6c7eaef45348a3b494a04fcd5d00cbb7d9f2b6c081002	01_进组总计划_OE1_材料交付/交接与恢复/2026-09-17__outreach__oe1-br1-decision-and-draft-ab.md	current_source
01_进组总计划_OE1_材料交付	九月产出_0917学习包已纳入	项目卡	/mnt/d/MyResearch/MAS_Safety_Project/progress/projects/jinzu-sprint.md	2026-09-17 00:20:55.240239900 -0700	6829	40b6cf6337184e248b4c2fa4f4a31a5e54cebf336c654681f11eee8a12c8064c	01_进组总计划_OE1_材料交付/项目卡/jinzu-sprint.md	current_source
05_科研台_学习台_工作台支撑	九月新增或相关产出	交接与恢复	/mnt/d/MyResearch/MAS_Safety_Project/progress/handoff/2026-09-16__research-copilot-cockpit-plan__handoff.md	2026-09-16 22:42:47.587324300 -0700	4298	dd1648ad7b82d5f68cdbf3af0a472e7dbd99f95d113d4924c8efdfbeb1fc2f59	05_科研台_学习台_工作台支撑/交接与恢复/2026-09-16__research-copilot-cockpit-plan__handoff.md	current_source
05_科研台_学习台_工作台支撑	九月新增或相关产出	任务日志	/mnt/d/MyResearch/MAS_Safety_Project/progress/task_logs/2026/09/2026-09-16__research__research-copilot-reference-integration-plan.md	2026-09-16 22:42:47.572170800 -0700	9187	7c8d502889227f197b3c99b24a6819d00b1add4e1f5ca52f384738e26791888c	05_科研台_学习台_工作台支撑/任务日志/2026/09/2026-09-16__research__research-copilot-reference-integration-plan.md	current_source
05_科研台_学习台_工作台支撑	九月新增或相关产出	计划或决策	/mnt/d/MyResearch/MAS_Safety_Project/progress/decisions/two-desks-delta-20260914/_review/20260916_cockpit-review-controller-reconciliation.md	2026-09-16 22:35:50.973443900 -0700	4900	51b0e09299aaf1230ec82ab0a1d96220083588c9af899bbec3db8ebb4c515a00	05_科研台_学习台_工作台支撑/计划与决策/two-desks-delta-20260914/_review/20260916_cockpit-review-controller-reconciliation.md	current_source
05_科研台_学习台_工作台支撑	九月新增或相关产出	任务日志	/mnt/d/MyResearch/MAS_Safety_Project/progress/task_logs/2026/09/2026-09-16__audit__research-learning-desks-infrastructure-integration.md	2026-09-16 07:47:58.240074500 -0700	5654	f2b772ab0bfec8086968b3d1ff3bd2c549e7238c8bf53f8e316fd218984a9bfe	05_科研台_学习台_工作台支撑/任务日志/2026/09/2026-09-16__audit__research-learning-desks-infrastructure-integration.md	current_source
05_科研台_学习台_工作台支撑	九月新增或相关产出	审计与核验	/mnt/d/MyResearch/MAS_Safety_Project/progress/audits/2026/09/2026-09-16__research-learning-desks-infrastructure-integration/INTEGRATION_AUDIT.md	2026-09-16 07:47:58.222780200 -0700	16057	1eb27639721a254800292af67c1461f118e794ab884a493cb9daad221a93ac4a	05_科研台_学习台_工作台支撑/审计与核验/2026/09/2026-09-16__research-learning-desks-infrastructure-integration/INTEGRATION_AUDIT.md	current_source
05_科研台_学习台_工作台支撑	九月新增或相关产出	计划或决策	/mnt/d/MyResearch/MAS_Safety_Project/progress/decisions/two-desks-delta-20260914/_review/20260916_fable5-independent-review.md	2026-09-16 07:46:02.101395600 -0700	17611	04cfd1bb8ca7033e732f71c243aae2bbccd421b10624fd906e91d47935ad2dbe	05_科研台_学习台_工作台支撑/计划与决策/two-desks-delta-20260914/_review/20260916_fable5-independent-review.md	current_source
01_进组总计划_OE1_材料交付	九月新增或相关产出	审计与核验	/mnt/d/MyResearch/MAS_Safety_Project/progress/audits/2026/09/2026-09-16__jinzu-and-research-infra-landscape/LANDSCAPE_AND_PROPOSALS.md	2026-09-16 07:42:47.142554700 -0700	17328	78dca2621d29555bbf70b5091b7a300617dde70086a8f0404c1db0032bf80306	01_进组总计划_OE1_材料交付/审计与核验/2026/09/2026-09-16__jinzu-and-research-infra-landscape/LANDSCAPE_AND_PROPOSALS.md	current_source
01_进组总计划_OE1_材料交付/99_其他相关计划与状态	九月新增或相关产出	计划或决策	/mnt/d/MyResearch/MAS_Safety_Project/progress/decisions/PENDING.md	2026-09-16 07:42:27.349685100 -0700	30673	3d7f015ad0f87c6fb1fd5371ebd79b41e295bebde09e39b5da4536d98a2710e8	01_进组总计划_OE1_材料交付/99_其他相关计划与状态/计划与决策/PENDING.md	current_source
01_进组总计划_OE1_材料交付	九月新增或相关产出	任务日志	/mnt/d/MyResearch/MAS_Safety_Project/progress/task_logs/2026/09/2026-09-16__research__jinzu-and-research-infra-landscape-audit.md	2026-09-16 07:42:15.270416000 -0700	7490	8dc2c9cd9489bd4801f10cf5aa5494f555786d8fade08e3500de3eeb8b831867	01_进组总计划_OE1_材料交付/任务日志/2026/09/2026-09-16__research__jinzu-and-research-infra-landscape-audit.md	current_source
02_四论文Ownership主线/00_共享合同_计划_验收	九月新增或相关产出	审计与核验	/mnt/d/MyResearch/MAS_Safety_Project/progress/audits/2026/09/2026-09-15__ownership-v3-controller-acceptance/CONTROLLER_ACCEPTANCE.md	2026-09-16 07:04:12.782405300 -0700	18015	a5765751d2bbb6115f76709c65fbed3c2b19801d7a3780fbc975005192246bff	02_四论文Ownership主线/00_共享合同_计划_验收/审计与核验/2026/09/2026-09-15__ownership-v3-controller-acceptance/CONTROLLER_ACCEPTANCE.md	current_source
02_四论文Ownership主线/00_共享合同_计划_验收	九月新增或相关产出	任务日志	/mnt/d/MyResearch/MAS_Safety_Project/progress/task_logs/2026/09/2026-09-16__research__ownership-v3-batch2-remaining-modules-controller-recheck.md	2026-09-16 07:03:23.532864800 -0700	10031	f5794813511ec85ae32dbda69c3e2dd4bc873414aca066bfa01d2df6ae83b227	02_四论文Ownership主线/00_共享合同_计划_验收/任务日志/2026/09/2026-09-16__research__ownership-v3-batch2-remaining-modules-controller-recheck.md	current_source
02_四论文Ownership主线/03_GroundTruth_Sommers	九月新增或相关产出	任务日志	/mnt/d/MyResearch/MAS_Safety_Project/progress/task_logs/2026/09/2026-09-16__research__ground-truth-p0p3-verdict-correction.md	2026-09-16 05:09:28.819980500 -0700	10790	7e94611be7dbeee20dee2e2399c9e7f262ac5089012249c97530b6963546aca9	02_四论文Ownership主线/03_GroundTruth_Sommers/任务日志/2026/09/2026-09-16__research__ground-truth-p0p3-verdict-correction.md	current_source
02_四论文Ownership主线/00_共享合同_计划_验收	九月新增或相关产出	交接与恢复	/mnt/d/MyResearch/MAS_Safety_Project/progress/handoff/2026-09-15__ownership-v3-window-archive/WINDOW-ARCHIVE-MANIFEST-20260915.sha256	2026-09-15 08:04:26.923495700 -0700	689	62dd832085a316c8f9909a4e8f32bcd57c216d9d2c693c68dfb948b044db4843	02_四论文Ownership主线/00_共享合同_计划_验收/交接与恢复/2026-09-15__ownership-v3-window-archive/WINDOW-ARCHIVE-MANIFEST-20260915.sha256	current_source
02_四论文Ownership主线/00_共享合同_计划_验收	九月新增或相关产出	交接与恢复	/mnt/d/MyResearch/MAS_Safety_Project/progress/handoff/2026-09-15__ownership-v3-window-archive/WINDOW-ARCHIVE-MANIFEST-20260915.md	2026-09-15 08:03:23.947545500 -0700	4315	2cc5608a9d30c77a2e9c462a42fb14cd74530bd4e83eb1a64b1b3b546b6d5152	02_四论文Ownership主线/00_共享合同_计划_验收/交接与恢复/2026-09-15__ownership-v3-window-archive/WINDOW-ARCHIVE-MANIFEST-20260915.md	current_source
02_四论文Ownership主线/00_共享合同_计划_验收	九月新增或相关产出	交接与恢复	/mnt/d/MyResearch/MAS_Safety_Project/progress/handoff/2026-09-15__ownership-v3-window-archive/WINDOW-MAINTENANCE-MANUAL-20260915.md	2026-09-15 08:02:35.095928600 -0700	5700	9eeab715ecbebd9331a4943902e094233cd68f94b8d900047192eca334d57e6d	02_四论文Ownership主线/00_共享合同_计划_验收/交接与恢复/2026-09-15__ownership-v3-window-archive/WINDOW-MAINTENANCE-MANUAL-20260915.md	current_source
02_四论文Ownership主线/00_共享合同_计划_验收	九月新增或相关产出	交接与恢复	/mnt/d/MyResearch/MAS_Safety_Project/progress/handoff/2026-09-15__ownership-v3-window-archive/WINDOW-USER-MANUAL-20260915.md	2026-09-15 08:02:02.209685300 -0700	4499	cdd9926698978a2bed0a1ac9649403751f3fdfedd79165685fdb739ce0cf11b1	02_四论文Ownership主线/00_共享合同_计划_验收/交接与恢复/2026-09-15__ownership-v3-window-archive/WINDOW-USER-MANUAL-20260915.md	current_source
02_四论文Ownership主线/00_共享合同_计划_验收	九月新增或相关产出	交接与恢复	/mnt/d/MyResearch/MAS_Safety_Project/progress/handoff/2026-09-15__ownership-v3-window-archive/WINDOW-HANDOFF-20260915.md	2026-09-15 08:01:36.756539300 -0700	5855	659185aea905b54a16ce77b62e79aa8fec96ea61b40f3e594425831d3943d8d4	02_四论文Ownership主线/00_共享合同_计划_验收/交接与恢复/2026-09-15__ownership-v3-window-archive/WINDOW-HANDOFF-20260915.md	current_source
02_四论文Ownership主线/00_共享合同_计划_验收	九月新增或相关产出	交接与恢复	/mnt/d/MyResearch/MAS_Safety_Project/progress/handoff/2026-09-15__ownership-v3-window-archive/WINDOW-ARCHITECTURE-AND-PLAN-20260915.md	2026-09-15 08:01:04.821938500 -0700	9669	687d551664d23792484d419639ff6ef03f382ffffb3324aad5b2c9a6be191a1e	02_四论文Ownership主线/00_共享合同_计划_验收/交接与恢复/2026-09-15__ownership-v3-window-archive/WINDOW-ARCHITECTURE-AND-PLAN-20260915.md	current_source
02_四论文Ownership主线/00_共享合同_计划_验收	九月新增或相关产出	交接与恢复	/mnt/d/MyResearch/MAS_Safety_Project/progress/handoff/2026-09-15__ownership-v3-window-archive/WINDOW-WORKLOG-20260915.md	2026-09-15 08:00:14.682350900 -0700	11938	2273f5b8bf4eb1f5486cea6941a19eca60e7bf4d822a5ce8a14ec1a319b83ed1	02_四论文Ownership主线/00_共享合同_计划_验收/交接与恢复/2026-09-15__ownership-v3-window-archive/WINDOW-WORKLOG-20260915.md	current_source
01_进组总计划_OE1_材料交付/99_其他相关计划与状态	九月新增或相关产出	任务日志	/mnt/d/MyResearch/MAS_Safety_Project/progress/task_logs/2026/09/2026-09-15__archive__desks-window-current.md	2026-09-15 07:59:45.972246500 -0700	4113	fcd980f72fe84f0e351420a6ea295da29a6c131fb4c77b8147dd3c550f3a325f	01_进组总计划_OE1_材料交付/99_其他相关计划与状态/任务日志/2026/09/2026-09-15__archive__desks-window-current.md	current_source
02_四论文Ownership主线/00_共享合同_计划_验收	九月新增或相关产出	交接与恢复	/mnt/d/MyResearch/MAS_Safety_Project/progress/handoff/2026-09-15__ownership-v3-window-archive/WINDOW-ARCHIVE-20260915.md	2026-09-15 07:59:13.299030100 -0700	16433	c339d1d918a53097b21d97956656b7cb05d44c3c1104ad3484f5587dc9cb99d1	02_四论文Ownership主线/00_共享合同_计划_验收/交接与恢复/2026-09-15__ownership-v3-window-archive/WINDOW-ARCHIVE-20260915.md	current_source
01_进组总计划_OE1_材料交付	九月新增或相关产出	手册与规则	/mnt/d/MyResearch/MAS_Safety_Project/progress/runbooks/lu-onboarding-and-desks-maintenance.md	2026-09-15 07:58:46.776341500 -0700	9512	8dc3e6322be98fc4b188084651ac39396ac21c4cbaa044e201ce89447545fe6d	01_进组总计划_OE1_材料交付/手册/lu-onboarding-and-desks-maintenance.md	current_source
01_进组总计划_OE1_材料交付	九月新增或相关产出	手册与规则	/mnt/d/MyResearch/MAS_Safety_Project/progress/runbooks/lu-onboarding-and-desks-user-guide.md	2026-09-15 07:58:46.747926900 -0700	7383	a3f1b9d2f28f587c0d5617cfabd11059d3d4fbe6c598eceefc34eebf5beec8d0	01_进组总计划_OE1_材料交付/手册/lu-onboarding-and-desks-user-guide.md	current_source
01_进组总计划_OE1_材料交付	九月新增或相关产出	手册与规则	/mnt/d/MyResearch/MAS_Safety_Project/progress/runbooks/lu-onboarding-and-desks-architecture.md	2026-09-15 07:58:46.670295500 -0700	7962	ae5b959a4fdcdf7bfe12ec8b8f000406864db8d14950cab90ce9fb2070fc2d7e	01_进组总计划_OE1_材料交付/手册/lu-onboarding-and-desks-architecture.md	current_source
05_科研台_学习台_工作台支撑	九月新增或相关产出	计划或决策	/mnt/d/MyResearch/MAS_Safety_Project/progress/decisions/two-desks-delta-20260914/NEXT_EXECUTION_PLAN.md	2026-09-15 07:58:46.616263300 -0700	9941	8d69424999c71616743bfd4c7329cce7a3a14713b67f9d58ad2429b4822abffb	05_科研台_学习台_工作台支撑/计划与决策/two-desks-delta-20260914/NEXT_EXECUTION_PLAN.md	current_source
01_进组总计划_OE1_材料交付	九月新增或相关产出	交接与恢复	/mnt/d/MyResearch/MAS_Safety_Project/progress/handoff/2026-09-15__lu-onboarding-and-desks-window__handoff.md	2026-09-15 07:58:46.583966500 -0700	13600	95a3fa4d3ceddf0d1ece3cae0f5603fe1b7eb40963e22e0f6889e04376301a1d	01_进组总计划_OE1_材料交付/交接与恢复/2026-09-15__lu-onboarding-and-desks-window__handoff.md	current_source
01_进组总计划_OE1_材料交付/99_其他相关计划与状态	九月新增或相关产出	交接与恢复	/mnt/d/MyResearch/MAS_Safety_Project/progress/handoff/2026-09-15__desks-window-current__handoff.md	2026-09-15 07:57:46.643931000 -0700	9805	9404600648a5b251d8557369487e53a0cf47c36c410ea651b1fad66b9edf6c07	01_进组总计划_OE1_材料交付/99_其他相关计划与状态/交接与恢复/2026-09-15__desks-window-current__handoff.md	current_source
02_四论文Ownership主线/00_共享合同_计划_验收	九月新增或相关产出	计划或决策	/mnt/d/MyResearch/MAS_Safety_Project/progress/decisions/2026-09-15__research__ownership-v3-three-gaps-remediation-plan.md	2026-09-15 07:56:46.285104400 -0700	20114	3519dbc89d29ba93a295080d25d9e18e24666f704be4006dbaf437b8ab133b2a	02_四论文Ownership主线/00_共享合同_计划_验收/计划与决策/2026-09-15__research__ownership-v3-three-gaps-remediation-plan.md	current_source
02_四论文Ownership主线/00_共享合同_计划_验收	九月新增或相关产出	任务日志	/mnt/d/MyResearch/MAS_Safety_Project/progress/task_logs/2026/09/2026-09-15__research__ownership-v3-controller-acceptance-batch2-parallel.md	2026-09-15 07:54:34.151525900 -0700	8171	097922c63ee216881642c7d73b1bf5949c527f6321dd66261dd037f289c8d840	02_四论文Ownership主线/00_共享合同_计划_验收/任务日志/2026/09/2026-09-15__research__ownership-v3-controller-acceptance-batch2-parallel.md	current_source
02_四论文Ownership主线/00_共享合同_计划_验收	九月新增或相关产出	计划或决策	/mnt/d/MyResearch/MAS_Safety_Project/progress/decisions/2026-09-15__research__ownership-v3-teaching-debt-priority-queue.md	2026-09-15 07:44:03.023003400 -0700	6994	96e9038de4a817b0dd67425af6bffb9923a79af2f1bd45c2b7ad00a0f48fb354	02_四论文Ownership主线/00_共享合同_计划_验收/计划与决策/2026-09-15__research__ownership-v3-teaching-debt-priority-queue.md	current_source
01_进组总计划_OE1_材料交付/99_其他相关计划与状态	九月新增或相关产出	任务日志	/mnt/d/MyResearch/MAS_Safety_Project/progress/task_logs/2026/09/2026-09-15__research__task004-status-correction.md	2026-09-15 07:41:21.009997700 -0700	6980	8faa931a28c07722e8f5a5c69bdece78b592cf226fa06334c32bf54e64361f97	01_进组总计划_OE1_材料交付/99_其他相关计划与状态/任务日志/2026/09/2026-09-15__research__task004-status-correction.md	current_source
01_进组总计划_OE1_材料交付/99_其他相关计划与状态	九月新增或相关产出	任务日志	/mnt/d/MyResearch/MAS_Safety_Project/progress/task_logs/2026/09/2026-09-15__implementation__desks-ab-review-and-user-trial.md	2026-09-15 07:27:09.964419500 -0700	3629	0f07cae253029c288385aed443444b567d2986c0b7ffbe4a459975cdb9b02322	01_进组总计划_OE1_材料交付/99_其他相关计划与状态/任务日志/2026/09/2026-09-15__implementation__desks-ab-review-and-user-trial.md	current_source
02_四论文Ownership主线/00_共享合同_计划_验收	九月新增或相关产出	任务日志	/mnt/d/MyResearch/MAS_Safety_Project/progress/task_logs/2026/09/2026-09-15__research__ownership-v3-controller-acceptance-batch1.md	2026-09-15 07:17:06.911698600 -0700	6159	3cc372fc64cc555b68b9779abd4467350685a4dc9663016417d122ff7b963c24	02_四论文Ownership主线/00_共享合同_计划_验收/任务日志/2026/09/2026-09-15__research__ownership-v3-controller-acceptance-batch1.md	current_source
05_科研台_学习台_工作台支撑	九月新增或相关产出	任务日志	/mnt/d/MyResearch/MAS_Safety_Project/progress/task_logs/2026/09/2026-09-15__implementation__desks-n2-closeout-and-workbench-link.md	2026-09-15 07:16:47.307026700 -0700	8477	7b6cb9401a52d82826e611a0926a43cf2299e092d79dab8e25d7f266c0cd99bf	05_科研台_学习台_工作台支撑/任务日志/2026/09/2026-09-15__implementation__desks-n2-closeout-and-workbench-link.md	current_source
05_科研台_学习台_工作台支撑	九月新增或相关产出	计划或决策	/mnt/d/MyResearch/MAS_Safety_Project/progress/decisions/two-desks-delta-20260914/WORKBENCH_LINK_REVIEW.md	2026-09-15 07:15:11.743706700 -0700	4789	7cee3e8517a57f4404d66d0d4717cc31bf60309b5c348b662f7631253786cfd5	05_科研台_学习台_工作台支撑/计划与决策/two-desks-delta-20260914/WORKBENCH_LINK_REVIEW.md	current_source
02_四论文Ownership主线/00_共享合同_计划_验收	九月新增或相关产出	任务日志	/mnt/d/MyResearch/MAS_Safety_Project/progress/task_logs/2026/09/2026-09-15__research__ownership-v3-teaching-debt-priority-queue.md	2026-09-15 06:42:13.509346600 -0700	5617	ab757e550626f9d69c88d970388bad1c4b19e47d668cb951dbbe5f6edd53fe26	02_四论文Ownership主线/00_共享合同_计划_验收/任务日志/2026/09/2026-09-15__research__ownership-v3-teaching-debt-priority-queue.md	current_source
01_进组总计划_OE1_材料交付	九月新增或相关产出	任务日志	/mnt/d/MyResearch/MAS_Safety_Project/progress/task_logs/2026/09/2026-09-15__research__lu-side-jinzu-sprint-routing-cards-v3-sync.md	2026-09-15 06:35:35.425541200 -0700	7052	c520266ba09e1731df9cb8e038b5e4f1db87769e7ec56e0ff629300ca6127e78	01_进组总计划_OE1_材料交付/任务日志/2026/09/2026-09-15__research__lu-side-jinzu-sprint-routing-cards-v3-sync.md	current_source
01_进组总计划_OE1_材料交付/99_其他相关计划与状态	九月新增或相关产出	项目卡	/mnt/d/MyResearch/MAS_Safety_Project/progress/projects/lu-side.md	2026-09-15 06:32:46.503109000 -0700	4936	8832eec9bad6e8d13a29e2c91d2ef6d2702916a2875dd443be30622a2d871b28	01_进组总计划_OE1_材料交付/99_其他相关计划与状态/项目卡/lu-side.md	current_source
01_进组总计划_OE1_材料交付	九月新增或相关产出	任务日志	/mnt/d/MyResearch/MAS_Safety_Project/progress/task_logs/2026/09/2026-09-15__archive__lu-onboarding-and-desks-window.md	2026-09-15 05:47:29.447975800 -0700	7724	d05f7d2df54fb8f4a32b7adfc7d3a1fa2801e6161b986aa91caab21090dff4a3	01_进组总计划_OE1_材料交付/任务日志/2026/09/2026-09-15__archive__lu-onboarding-and-desks-window.md	current_source
01_进组总计划_OE1_材料交付	九月新增或相关产出	计划或决策	/mnt/d/MyResearch/MAS_Safety_Project/progress/decisions/2026-09-15__research__lu-onboarding-supplement-next-plan.md	2026-09-15 05:36:04.646626100 -0700	7358	0d862e64d16bf73f47c2ad6d18e431dde29fd2043734bd2899701d202372da60	01_进组总计划_OE1_材料交付/计划与决策/2026-09-15__research__lu-onboarding-supplement-next-plan.md	current_source
05_科研台_学习台_工作台支撑	九月新增或相关产出	任务日志	/mnt/d/MyResearch/MAS_Safety_Project/progress/task_logs/2026/09/2026-09-15__research__reference-followup-and-scoped-archive.md	2026-09-15 05:20:48.908518500 -0700	6137	8ee67236d746596d5b642284593e8ed964dc58f38e12865bf78abd3554db29a7	05_科研台_学习台_工作台支撑/任务日志/2026/09/2026-09-15__research__reference-followup-and-scoped-archive.md	current_source
05_科研台_学习台_工作台支撑	九月新增或相关产出	计划或决策	/mnt/d/MyResearch/MAS_Safety_Project/progress/decisions/two-desks-delta-20260914/FIRST_BUILD_PLAN.md	2026-09-15 05:19:30.790548300 -0700	19872	2af50c5324e9efee40563fc41cf7e0188ce0408e2b37323ab00cb49ac00a6e6a	05_科研台_学习台_工作台支撑/计划与决策/two-desks-delta-20260914/FIRST_BUILD_PLAN.md	current_source
05_科研台_学习台_工作台支撑	九月新增或相关产出	计划或决策	/mnt/d/MyResearch/MAS_Safety_Project/progress/decisions/two-desks-delta-20260914/REFERENCE_INTEGRATION_PLAN.md	2026-09-15 05:19:30.765195400 -0700	28484	f22d8c4369289cb5b7a988466d4d046834f0128a355956547fd4ddebed943f47	05_科研台_学习台_工作台支撑/计划与决策/two-desks-delta-20260914/REFERENCE_INTEGRATION_PLAN.md	current_source
05_科研台_学习台_工作台支撑	九月新增或相关产出	计划或决策	/mnt/d/MyResearch/MAS_Safety_Project/progress/decisions/two-desks-delta-20260914/REFERENCE_EVALUATION.md	2026-09-15 05:18:13.157109800 -0700	35296	5b899bece7bd49bfc44b885cee21fa9c7cd7f4f73c4fcb78c20819b3ab503fbe	05_科研台_学习台_工作台支撑/计划与决策/two-desks-delta-20260914/REFERENCE_EVALUATION.md	current_source
05_科研台_学习台_工作台支撑	九月新增或相关产出	计划或决策	/mnt/d/MyResearch/MAS_Safety_Project/progress/decisions/two-desks-delta-20260914/SOURCE_EXCERPT_PROPOSAL.md	2026-09-15 05:18:13.146135700 -0700	12631	b5ecace6ef8733d593732fee254079c30d7494fcb4f2f0b33bd59acec1eb9bc9	05_科研台_学习台_工作台支撑/计划与决策/two-desks-delta-20260914/SOURCE_EXCERPT_PROPOSAL.md	current_source
05_科研台_学习台_工作台支撑	九月新增或相关产出	任务日志	/mnt/d/MyResearch/MAS_Safety_Project/progress/task_logs/2026/09/2026-09-15__research__reference-evaluation-first-pass.md	2026-09-15 05:04:00.536013200 -0700	7083	bde10ed3f4a7e0c764a5ed4d9d1f5de0edc55d5cb6c13e6d1f0a0128ed88c901	05_科研台_学习台_工作台支撑/任务日志/2026/09/2026-09-15__research__reference-evaluation-first-pass.md	current_source
05_科研台_学习台_工作台支撑	九月新增或相关产出	任务日志	/mnt/d/MyResearch/MAS_Safety_Project/progress/task_logs/2026/09/2026-09-15__research__reference-integration-plan-and-criteria.md	2026-09-15 04:31:27.397986500 -0700	5637	eb3270fef3c8b223f83d3b20215afb0f28826b118d236fb389e3210c31bb53f4	05_科研台_学习台_工作台支撑/任务日志/2026/09/2026-09-15__research__reference-integration-plan-and-criteria.md	current_source
05_科研台_学习台_工作台支撑	九月新增或相关产出	任务日志	/mnt/d/MyResearch/MAS_Safety_Project/progress/task_logs/2026/09/2026-09-15__archive__two-desks-planweave-handwriting-reference.md	2026-09-15 03:04:59.717454900 -0700	8255	0b51524651f6de1345de587e1b5b4d1f1084730513c5fb90d75523de7646e1ca	05_科研台_学习台_工作台支撑/任务日志/2026/09/2026-09-15__archive__two-desks-planweave-handwriting-reference.md	current_source
02_四论文Ownership主线/00_共享合同_计划_验收	九月新增或相关产出	任务日志	/mnt/d/MyResearch/MAS_Safety_Project/progress/task_logs/2026/09/2026-09-15__research__ownership-v3-three-gaps-execution-and-handoff.md	2026-09-15 02:48:07.712173500 -0700	8797	5f61f3cf8f531abc1c588577aa03a7058f2ffbde650c2a7ddadea4b1819f42e2	02_四论文Ownership主线/00_共享合同_计划_验收/任务日志/2026/09/2026-09-15__research__ownership-v3-three-gaps-execution-and-handoff.md	current_source
02_四论文Ownership主线/00_共享合同_计划_验收	九月产出_0917学习包已纳入	交接与恢复	/mnt/d/MyResearch/MAS_Safety_Project/progress/handoff/2026-09-15__ownership-v3-three-gaps-remediation__handoff.md	2026-09-15 02:44:45.013953600 -0700	17957	1eb0227418095a1ff09c4611de5a70842f984a1e23fd8aadce5442472cf406ab	02_四论文Ownership主线/00_共享合同_计划_验收/交接与恢复/2026-09-15__ownership-v3-three-gaps-remediation__handoff.md	current_source
05_科研台_学习台_工作台支撑	九月新增或相关产出	任务日志	/mnt/d/MyResearch/MAS_Safety_Project/progress/task_logs/2026/09/2026-09-15__implementation__two-desks-b-goals-return.md	2026-09-15 02:26:07.044818600 -0700	5290	ac831d8f41cf4a78991b7b4044adc94c2c0c40e4bf2215ff089d7265f84fa445	05_科研台_学习台_工作台支撑/任务日志/2026/09/2026-09-15__implementation__two-desks-b-goals-return.md	current_source
02_四论文Ownership主线/00_共享合同_计划_验收	九月新增或相关产出	任务日志	/mnt/d/MyResearch/MAS_Safety_Project/progress/task_logs/2026/09/2026-09-15__research__ownership-v3-three-gaps-remediation-plan.md	2026-09-15 02:14:38.049483200 -0700	5744	020e66dcef3fcdb0cf5a2f68ae53aeddad502226e5a12f2e3f81cf409186e6cd	02_四论文Ownership主线/00_共享合同_计划_验收/任务日志/2026/09/2026-09-15__research__ownership-v3-three-gaps-remediation-plan.md	current_source
05_科研台_学习台_工作台支撑	九月新增或相关产出	任务日志	/mnt/d/MyResearch/MAS_Safety_Project/progress/task_logs/2026/09/2026-09-15__implementation__two-desks-a-source-save.md	2026-09-15 01:34:51.963897800 -0700	5233	221f734422701f38d086e4b15d7672676d566f7ae79a7f8588101d11778b3b7b	05_科研台_学习台_工作台支撑/任务日志/2026/09/2026-09-15__implementation__two-desks-a-source-save.md	current_source
04_Bridge与迁移研究	九月新增或相关产出	任务日志	/mnt/d/MyResearch/MAS_Safety_Project/progress/task_logs/2026/09/2026-09-15__research__bridge-freeze-date-decoupling-and-plan-review.md	2026-09-15 01:19:18.222620100 -0700	7101	d1c9e88e599356e3e68a92d88bf76b483c1e20b55b99b58a937c5a675f186d94	04_Bridge与迁移研究/任务日志/2026/09/2026-09-15__research__bridge-freeze-date-decoupling-and-plan-review.md	current_source
04_Bridge与迁移研究	九月新增或相关产出	计划或决策	/mnt/d/MyResearch/MAS_Safety_Project/progress/decisions/2026-09-03__research__bridge-lu-execution-plan-v1.0.md	2026-09-15 01:02:37.738015800 -0700	18820	83a220c493c3537bb66325f3e4681bf28a25c2e9583d85c68d12efcd1bf5d584	04_Bridge与迁移研究/计划与决策/2026-09-03__research__bridge-lu-execution-plan-v1.0.md	current_source
05_科研台_学习台_工作台支撑	九月新增或相关产出	任务日志	/mnt/d/MyResearch/MAS_Safety_Project/progress/task_logs/2026/09/2026-09-14__research__two-desks-incremental-design-first-build.md	2026-09-14 23:45:30.946147600 -0700	11743	767374c6f029cd2e866c97fd4db19fd760f8921745c1a216c0259e08f57e6961	05_科研台_学习台_工作台支撑/任务日志/2026/09/2026-09-14__research__two-desks-incremental-design-first-build.md	current_source
05_科研台_学习台_工作台支撑	九月新增或相关产出	计划或决策	/mnt/d/MyResearch/MAS_Safety_Project/progress/decisions/two-desks-delta-20260914/DESIGN_DELTA.md	2026-09-14 23:44:28.184375800 -0700	16470	5dba3fc12724effc3b55f7bdd45992fce74c7109a715edec8809e15953788867	05_科研台_学习台_工作台支撑/计划与决策/two-desks-delta-20260914/DESIGN_DELTA.md	current_source
05_科研台_学习台_工作台支撑	九月新增或相关产出	计划或决策	/mnt/d/MyResearch/MAS_Safety_Project/progress/decisions/two-desks-delta-20260914/B_CONTRACT_PROPOSAL.md	2026-09-14 23:44:28.150448200 -0700	12413	7c81e75d51bb224e65772fc602c73dd2613f815d8dd73d445ea9c085258a7d21	05_科研台_学习台_工作台支撑/计划与决策/two-desks-delta-20260914/B_CONTRACT_PROPOSAL.md	current_source
05_科研台_学习台_工作台支撑	九月新增或相关产出	计划或决策	/mnt/d/MyResearch/MAS_Safety_Project/progress/decisions/two-desks-delta-20260914/SCENARIO_RECONCILIATION.md	2026-09-14 06:59:50.825930500 -0700	6743	132350e572c533b4909672ab290ae07ca6b79f7daef5d4cd92fae7abc516fede	05_科研台_学习台_工作台支撑/计划与决策/two-desks-delta-20260914/SCENARIO_RECONCILIATION.md	current_source
01_进组总计划_OE1_材料交付/99_其他相关计划与状态	九月新增或相关产出	任务日志	/mnt/d/MyResearch/MAS_Safety_Project/progress/task_logs/2026/09/2026-09-14__archive__lu-learning-multilayer-toy-discussion.md	2026-09-14 06:38:33.548057600 -0700	11597	383759aaf0241de151508c35a247619ee1c75f9573e41f987789802ae887ffac	01_进组总计划_OE1_材料交付/99_其他相关计划与状态/任务日志/2026/09/2026-09-14__archive__lu-learning-multilayer-toy-discussion.md	current_source
01_进组总计划_OE1_材料交付/99_其他相关计划与状态	九月新增或相关产出	计划或决策	/mnt/d/MyResearch/MAS_Safety_Project/progress/decisions/2026-09-14__research__multilayer-content-map-provisional-baseline.md	2026-09-14 06:36:29.981979200 -0700	23243	86a5ecba573d30f6a82c503bd3e0fd750d0de4e9f7e8def20a0c6fa4b720dcc3	01_进组总计划_OE1_材料交付/99_其他相关计划与状态/计划与决策/2026-09-14__research__multilayer-content-map-provisional-baseline.md	current_source
01_进组总计划_OE1_材料交付/99_其他相关计划与状态	九月新增或相关产出	交接与恢复	/mnt/d/MyResearch/MAS_Safety_Project/progress/handoff/2026-09-14__lu-learning-multilayer-toy-discussion__pause-handoff.md	2026-09-14 06:35:55.687055200 -0700	16540	86f88720b888c7b06f545b7b5b2156c1be418be164038503e9d802202679ae03	01_进组总计划_OE1_材料交付/99_其他相关计划与状态/交接与恢复/2026-09-14__lu-learning-multilayer-toy-discussion__pause-handoff.md	current_source
05_科研台_学习台_工作台支撑	九月新增或相关产出	计划或决策	/mnt/d/MyResearch/MAS_Safety_Project/progress/decisions/2026-09-14__research__multilayer-knowledge-network-requirements-tiers-draft.md	2026-09-14 06:35:55.680058700 -0700	16881	bbb11bcb3706619d7a2c896cc989e84d08355ce42a61fa75457b0be1ccf121a0	05_科研台_学习台_工作台支撑/计划与决策/2026-09-14__research__multilayer-knowledge-network-requirements-tiers-draft.md	current_source
02_四论文Ownership主线/00_共享合同_计划_验收	九月新增或相关产出	任务日志	/mnt/d/MyResearch/MAS_Safety_Project/progress/task_logs/2026/09/2026-09-13__research__four-paper-full-ownership-v3-sol-contract.md	2026-09-13 00:23:08.923155500 -0700	5581	bc7c409157b63b71900dfaaa6be38725460a5d31772f814f0e1d49b6a828555e	02_四论文Ownership主线/00_共享合同_计划_验收/任务日志/2026/09/2026-09-13__research__four-paper-full-ownership-v3-sol-contract.md	current_source
02_四论文Ownership主线/00_共享合同_计划_验收	九月产出_0917学习包已纳入	计划或决策	/mnt/d/MyResearch/MAS_Safety_Project/progress/decisions/2026-09-13__research__four-paper-full-ownership-v3-sol-execution-contract.md	2026-09-13 00:23:08.909914600 -0700	23186	ed342049c4c8b7cf6170ff7b38d63337c4971084561a34bcc7120bc3b9fea2a5	02_四论文Ownership主线/00_共享合同_计划_验收/计划与决策/2026-09-13__research__four-paper-full-ownership-v3-sol-execution-contract.md	current_source
02_四论文Ownership主线/00_共享合同_计划_验收	九月新增或相关产出	任务日志	/mnt/d/MyResearch/MAS_Safety_Project/progress/task_logs/2026/09/2026-09-12__research__four-paper-full-ownership-design.md	2026-09-12 19:47:18.729340400 -0700	9953	6cb073706d004e20acad1097b212e9b36d20d99a078c22f434b386fdacefea45	02_四论文Ownership主线/00_共享合同_计划_验收/任务日志/2026/09/2026-09-12__research__four-paper-full-ownership-design.md	current_source
02_四论文Ownership主线/00_共享合同_计划_验收	九月新增或相关产出	计划或决策	/mnt/d/MyResearch/MAS_Safety_Project/progress/decisions/2026-09-12__research__four-paper-full-ownership-design-for-sol.md	2026-09-12 19:46:55.659705900 -0700	29792	36242c19b59b2613f4c40a972f5457a5f443a1dd44d023914d63285268ce6dff	02_四论文Ownership主线/00_共享合同_计划_验收/计划与决策/2026-09-12__research__four-paper-full-ownership-design-for-sol.md	current_source
01_进组总计划_OE1_材料交付/99_其他相关计划与状态	九月新增或相关产出	任务日志	/mnt/d/MyResearch/MAS_Safety_Project/progress/task_logs/2026/09/2026-09-12__learning__edgeim-ex03-app-progress-checkpoint.md	2026-09-12 07:13:11.572705200 -0700	4033	ae789f24ad29b743322033ebdd9efa71042b4658fac9a1960adbe6dd3ffde298	01_进组总计划_OE1_材料交付/99_其他相关计划与状态/任务日志/2026/09/2026-09-12__learning__edgeim-ex03-app-progress-checkpoint.md	current_source
05_科研台_学习台_工作台支撑	九月新增或相关产出	任务日志	/mnt/d/MyResearch/MAS_Safety_Project/progress/task_logs/2026/09/2026-09-12__research__three-desks-daily-recap.md	2026-09-12 06:39:09.762206200 -0700	1746	601594d4f37a96607e17df88b46f6211e5cc370c32c1419fce61b56b8ac8f270	05_科研台_学习台_工作台支撑/任务日志/2026/09/2026-09-12__research__three-desks-daily-recap.md	current_source
05_科研台_学习台_工作台支撑	九月新增或相关产出	计划或决策	/mnt/d/MyResearch/MAS_Safety_Project/progress/decisions/2026-09-12__research__three-desks-daily-recap.md	2026-09-12 06:39:09.755790800 -0700	4799	b0b543fccb449c79ef4478a4e7edf894c896df532a2693227482eeb25675fa7d	05_科研台_学习台_工作台支撑/计划与决策/2026-09-12__research__three-desks-daily-recap.md	current_source
05_科研台_学习台_工作台支撑	九月新增或相关产出	任务日志	/mnt/d/MyResearch/MAS_Safety_Project/progress/task_logs/2026/09/2026-09-12__research__knowledge-network-v0.3-vs-astra-comparison-readiness.md	2026-09-12 06:21:23.287430700 -0700	2949	bfe6a5848559174d47785da3d59b7890624c89a2cb37bdc23e69fdeb256f9d52	05_科研台_学习台_工作台支撑/任务日志/2026/09/2026-09-12__research__knowledge-network-v0.3-vs-astra-comparison-readiness.md	current_source
05_科研台_学习台_工作台支撑	九月新增或相关产出	计划或决策	/mnt/d/MyResearch/MAS_Safety_Project/progress/decisions/2026-09-12__research__knowledge-network-v0.3-vs-astra-comparison-readiness.md	2026-09-12 06:21:02.617003000 -0700	6131	92edccb1a8514a118e6c5722297ef0b2a797be15e77824eae3e153115f314b06	05_科研台_学习台_工作台支撑/计划与决策/2026-09-12__research__knowledge-network-v0.3-vs-astra-comparison-readiness.md	current_source
05_科研台_学习台_工作台支撑	九月新增或相关产出	任务日志	/mnt/d/MyResearch/MAS_Safety_Project/progress/task_logs/2026/09/2026-09-12__learning__correction-notebooks-and-growth.md	2026-09-12 06:12:25.057257800 -0700	1979	80c570d2ea1bdc0eb1743d53c976b1711ee2d77bac1006e0b71055107e28244b	05_科研台_学习台_工作台支撑/任务日志/2026/09/2026-09-12__learning__correction-notebooks-and-growth.md	current_source
05_科研台_学习台_工作台支撑	九月新增或相关产出	计划或决策	/mnt/d/MyResearch/MAS_Safety_Project/progress/decisions/2026-09-12__learning__correction-notebooks-and-growth-v0.1.md	2026-09-12 06:12:25.053257000 -0700	12022	1e27c659de75dd0d1e3f727d1e4b0f6d21ce2696cf338faeded3d395707f32cb	05_科研台_学习台_工作台支撑/计划与决策/2026-09-12__learning__correction-notebooks-and-growth-v0.1.md	current_source
05_科研台_学习台_工作台支撑	九月新增或相关产出	任务日志	/mnt/d/MyResearch/MAS_Safety_Project/progress/task_logs/2026/09/2026-09-11__research__knowledge-network-scenarios-astra.md	2026-09-11 21:17:26.867606200 -0700	3407	bea0b3bbe01833a0f19fffc83ade99b7edfa5b854e61fd269f01270d5a5d888a	05_科研台_学习台_工作台支撑/任务日志/2026/09/2026-09-11__research__knowledge-network-scenarios-astra.md	current_source
05_科研台_学习台_工作台支撑	九月新增或相关产出	计划或决策	/mnt/d/MyResearch/MAS_Safety_Project/progress/decisions/2026-09-11__research__learning-feedback-xiaoman-reference-note.md	2026-09-11 21:17:26.850494600 -0700	6769	3816ec4a34b75227fb82576f5d314a6a5f0ef85c911cb1db8fb3c8ee6893b480	05_科研台_学习台_工作台支撑/计划与决策/2026-09-11__research__learning-feedback-xiaoman-reference-note.md	current_source
05_科研台_学习台_工作台支撑	九月新增或相关产出	计划或决策	/mnt/d/MyResearch/MAS_Safety_Project/progress/decisions/2026-09-11__research__knowledge-network-scenarios-astra-v0.1.md	2026-09-11 20:40:12.148919800 -0700	19922	6cb873cfcf58b4284a0a70a535f86b8dd4767abcac75fcf3ae19fec5681c0947	05_科研台_学习台_工作台支撑/计划与决策/2026-09-11__research__knowledge-network-scenarios-astra-v0.1.md	current_source
05_科研台_学习台_工作台支撑	九月新增或相关产出	任务日志	/mnt/d/MyResearch/MAS_Safety_Project/progress/task_logs/2026/09/2026-09-11__research__knowledge-network-architecture-scenarios-v0.3.md	2026-09-11 20:15:17.302100700 -0700	4698	1abbb5d25c7b3f62a8ba86651a86f56d8ced6ae45fcdbfa1764ab1011ba5c47f	05_科研台_学习台_工作台支撑/任务日志/2026/09/2026-09-11__research__knowledge-network-architecture-scenarios-v0.3.md	current_source
05_科研台_学习台_工作台支撑	九月新增或相关产出	计划或决策	/mnt/d/MyResearch/MAS_Safety_Project/progress/decisions/2026-09-11__research__knowledge-network-architecture-v0.3-scenarios.md	2026-09-11 20:13:55.019224900 -0700	14016	37e609a090d2c824e830a11e09391b58de7f7c581848fe20412c3434e4aa7d69	05_科研台_学习台_工作台支撑/计划与决策/2026-09-11__research__knowledge-network-architecture-v0.3-scenarios.md	current_source
05_科研台_学习台_工作台支撑	九月新增或相关产出	任务日志	/mnt/d/MyResearch/MAS_Safety_Project/progress/task_logs/2026/09/2026-09-11__research__knowledge-network-architecture-integration-v0.2.md	2026-09-11 19:40:24.277797500 -0700	3364	5e362bc0d4f2404efc0a9375cc89dbdf03a233c7bd0c73c340b85ed71a6b56d6	05_科研台_学习台_工作台支撑/任务日志/2026/09/2026-09-11__research__knowledge-network-architecture-integration-v0.2.md	current_source
05_科研台_学习台_工作台支撑	九月新增或相关产出	计划或决策	/mnt/d/MyResearch/MAS_Safety_Project/progress/decisions/2026-09-11__research__knowledge-network-architecture-v0.2.md	2026-09-11 19:39:14.736053400 -0700	13514	87826966d7a0111977278aba02e2d7fbbc3f5fb84bfa5ec5c99e92bd108f0f63	05_科研台_学习台_工作台支撑/计划与决策/2026-09-11__research__knowledge-network-architecture-v0.2.md	current_source
05_科研台_学习台_工作台支撑	九月新增或相关产出	计划或决策	/mnt/d/MyResearch/MAS_Safety_Project/progress/decisions/2026-09-11__research__knowledge-network-architecture-v0.1.md	2026-09-11 08:42:45.348126900 -0700	5756	5bccf50cdc2385fced73baa6b187255891789d8b030ff45e10298ad02bebc06f	05_科研台_学习台_工作台支撑/计划与决策/2026-09-11__research__knowledge-network-architecture-v0.1.md	current_source
05_科研台_学习台_工作台支撑	九月新增或相关产出	计划或决策	/mnt/d/MyResearch/MAS_Safety_Project/progress/decisions/rd2-construction-v0.3/sol-delivery/20260911-sol-c03-113925/USAGE.md	2026-09-11 08:04:31.200801300 -0700	2747	91fd23fc40ae1121743a56e95cfeef1d193860c040847b9056ef0a2d440d9e92	05_科研台_学习台_工作台支撑/计划与决策/rd2-construction-v0.3/sol-delivery/20260911-sol-c03-113925/USAGE.md	current_source
05_科研台_学习台_工作台支撑	九月新增或相关产出	计划或决策	/mnt/d/MyResearch/MAS_Safety_Project/progress/decisions/rd2-construction-v0.3/sol-delivery/20260911-sol-c03-113925/CONTROLLER_REVIEW.md	2026-09-11 08:04:31.183230500 -0700	2695	18297860c035a48e16822e67c499408b45996075b7b867a3a500c846eb56ec08	05_科研台_学习台_工作台支撑/计划与决策/rd2-construction-v0.3/sol-delivery/20260911-sol-c03-113925/CONTROLLER_REVIEW.md	current_source
05_科研台_学习台_工作台支撑	九月新增或相关产出	计划或决策	/mnt/d/MyResearch/MAS_Safety_Project/progress/decisions/rd2-construction-v0.3/c03-repair/TASK-20260911-003/RECEIPT.md	2026-09-11 08:04:31.172379600 -0700	3207	729851d2e933fdb82690e1d44cf44d73497f9bf944da8adb5370b5d148f04eae	05_科研台_学习台_工作台支撑/计划与决策/rd2-construction-v0.3/c03-repair/TASK-20260911-003/RECEIPT.md	current_source
05_科研台_学习台_工作台支撑	九月新增或相关产出	任务日志	/mnt/d/MyResearch/MAS_Safety_Project/progress/task_logs/2026/09/2026-09-11__research__rd2-c03-user-experience-repair.md	2026-09-11 08:04:31.150781800 -0700	3292	02891e6b520ddb46f4b26651dffcb9922556feb4da934211923fb4c8363259a8	05_科研台_学习台_工作台支撑/任务日志/2026/09/2026-09-11__research__rd2-c03-user-experience-repair.md	current_source
05_科研台_学习台_工作台支撑	九月新增或相关产出	计划或决策	/mnt/d/MyResearch/MAS_Safety_Project/progress/decisions/rd2-construction-v0.3/SOL_START_HERE.md	2026-09-11 07:53:52.354313000 -0700	4247	008ced02aa07ffd4fc6cf882a419728ddee994f2ea012a22bdecb0c874214b07	05_科研台_学习台_工作台支撑/计划与决策/rd2-construction-v0.3/SOL_START_HERE.md	current_source
05_科研台_学习台_工作台支撑	九月新增或相关产出	计划或决策	/mnt/d/MyResearch/MAS_Safety_Project/progress/decisions/rd2-construction-v0.3/sol-delivery/20260911-sol-c03-113925/CONTRACT_DELTA.md	2026-09-11 07:53:52.309311500 -0700	3361	7a4beaaa674ab154ab294e17f98db1e80c30a8d352d26f6e8eae2b69a8b7a7f2	05_科研台_学习台_工作台支撑/计划与决策/rd2-construction-v0.3/sol-delivery/20260911-sol-c03-113925/CONTRACT_DELTA.md	current_source
05_科研台_学习台_工作台支撑	九月新增或相关产出	计划或决策	/mnt/d/MyResearch/MAS_Safety_Project/progress/decisions/rd2-construction-v0.3/ACCEPTANCE.md	2026-09-11 07:53:52.299281400 -0700	9434	a7f43d96dac03136dba9a83ceb1b8151495bca44c8b2b5863f2dd84213f4988c	05_科研台_学习台_工作台支撑/计划与决策/rd2-construction-v0.3/ACCEPTANCE.md	current_source
05_科研台_学习台_工作台支撑	九月新增或相关产出	计划或决策	/mnt/d/MyResearch/MAS_Safety_Project/progress/decisions/three-desks-v0.1/NEXT_STEP.md	2026-09-11 07:23:26.867769400 -0700	2436	4320dc530c7afa56bb55ce49c4a76cd93c0b0d0573eaebb1e9cfeb02c6ed95da	05_科研台_学习台_工作台支撑/计划与决策/three-desks-v0.1/NEXT_STEP.md	current_source
05_科研台_学习台_工作台支撑	九月新增或相关产出	任务日志	/mnt/d/MyResearch/MAS_Safety_Project/progress/task_logs/2026/09/2026-09-11__research__rd2-c00-c03-sol.md	2026-09-11 07:21:06.299109400 -0700	2657	5c3983afe385d5d19aa0b5c914dfa4a42d58cea0753e85e00340a8f352678b8b	05_科研台_学习台_工作台支撑/任务日志/2026/09/2026-09-11__research__rd2-c00-c03-sol.md	current_source
05_科研台_学习台_工作台支撑	九月新增或相关产出	计划或决策	/mnt/d/MyResearch/MAS_Safety_Project/progress/decisions/three-desks-v0.1/README.md	2026-09-11 07:21:06.290309800 -0700	12727	1445252d9b11c38f49a5d953a706a2dabaf7878f7aff2a5d54ac06d8c094bab8	05_科研台_学习台_工作台支撑/计划与决策/three-desks-v0.1/README.md	current_source
05_科研台_学习台_工作台支撑	九月新增或相关产出	计划或决策	/mnt/d/MyResearch/MAS_Safety_Project/progress/decisions/rd2-first-build-v0.2/SOL_START_HERE.md	2026-09-11 07:21:06.260322200 -0700	6909	aead1abdb8d75662677b36ed85cb8108377884f13f7c3161db9c6098eb946c7b	05_科研台_学习台_工作台支撑/计划与决策/rd2-first-build-v0.2/SOL_START_HERE.md	current_source
05_科研台_学习台_工作台支撑	九月新增或相关产出	计划或决策	/mnt/d/MyResearch/MAS_Safety_Project/progress/decisions/rd2-construction-v0.3/sol-delivery/20260911-sol-c03-113925/RECEIPT.md	2026-09-11 06:46:02.975866200 -0700	1550	4a7087bae6d9e8c9f3072ab135467ddb29925077fa14e9a62a00fbf05a183451	05_科研台_学习台_工作台支撑/计划与决策/rd2-construction-v0.3/sol-delivery/20260911-sol-c03-113925/RECEIPT.md	current_source
05_科研台_学习台_工作台支撑	九月新增或相关产出	计划或决策	/mnt/d/MyResearch/MAS_Safety_Project/progress/decisions/rd2-construction-v0.3/sol-delivery/20260911-sol-c03-113925/evidence.json	2026-09-11 06:34:27.634869100 -0700	9061	4d0ab38ebd3b77124974049afc39fedd774b3e800c23464011c011301b124fdc	05_科研台_学习台_工作台支撑/计划与决策/rd2-construction-v0.3/sol-delivery/20260911-sol-c03-113925/evidence.json	current_source
05_科研台_学习台_工作台支撑	九月新增或相关产出	计划或决策	/mnt/d/MyResearch/MAS_Safety_Project/progress/decisions/rd2-construction-v0.3/sol-delivery/20260911-sol-c03-113925/REQUIREMENT_STATUS.md	2026-09-11 05:47:26.002315200 -0700	836	07c815289923187420aaf4e37de5a59ac4845b0b1a707d61813b6eb4dc47a9d1	05_科研台_学习台_工作台支撑/计划与决策/rd2-construction-v0.3/sol-delivery/20260911-sol-c03-113925/REQUIREMENT_STATUS.md	current_source
05_科研台_学习台_工作台支撑	九月新增或相关产出	任务日志	/mnt/d/MyResearch/MAS_Safety_Project/progress/task_logs/2026/09/2026-09-11__research__rd2-construction-manual-v0.3.md	2026-09-11 04:28:00.647031100 -0700	4171	03affc51b1668d69396bd04d8fa9c236d4d6c842f5a1d4c3eb4349a260dc1ea2	05_科研台_学习台_工作台支撑/任务日志/2026/09/2026-09-11__research__rd2-construction-manual-v0.3.md	current_source
05_科研台_学习台_工作台支撑	九月新增或相关产出	计划或决策	/mnt/d/MyResearch/MAS_Safety_Project/progress/decisions/rd2-construction-v0.3/TRACEABILITY.md	2026-09-11 04:28:00.619986500 -0700	5662	7f259ae406481344e5be11ee290c912b034de1936ed6b3a03a6a150026db3fa7	05_科研台_学习台_工作台支撑/计划与决策/rd2-construction-v0.3/TRACEABILITY.md	current_source
05_科研台_学习台_工作台支撑	九月新增或相关产出	计划或决策	/mnt/d/MyResearch/MAS_Safety_Project/progress/decisions/rd2-construction-v0.3/CONTRACTS.md	2026-09-11 04:26:36.054017000 -0700	6939	2a6f2c310f4fb06db6cc54e5013f1ff0ca1aa76f5f1408299939ea7ee6a6d62e	05_科研台_学习台_工作台支撑/计划与决策/rd2-construction-v0.3/CONTRACTS.md	current_source
05_科研台_学习台_工作台支撑	九月新增或相关产出	计划或决策	/mnt/d/MyResearch/MAS_Safety_Project/progress/decisions/rd2-construction-v0.3/MANUAL.md	2026-09-11 04:24:35.454699200 -0700	19260	b04358d4e09af8f4412c350accb923beb2e20d48619c5ab35192d2d33ea20158	05_科研台_学习台_工作台支撑/计划与决策/rd2-construction-v0.3/MANUAL.md	current_source
05_科研台_学习台_工作台支撑	九月新增或相关产出	任务日志	/mnt/d/MyResearch/MAS_Safety_Project/progress/task_logs/2026/09/2026-09-10__research__research-desk-navigation-mvp.md	2026-09-11 03:58:47.137264700 -0700	16122	d7225646e4db9cf64d6cb243ec0d871dbb1c6338ab9561b90f3ae7593b9ca49d	05_科研台_学习台_工作台支撑/任务日志/2026/09/2026-09-10__research__research-desk-navigation-mvp.md	current_source
05_科研台_学习台_工作台支撑	九月新增或相关产出	交接与恢复	/mnt/d/MyResearch/MAS_Safety_Project/progress/handoff/2026-09-10__map-learning-redesign__pause-handoff.md	2026-09-11 03:51:49.293458900 -0700	9350	1fbedc74e0a672162c5db55957e08a12eee5f34f01c9967a013e4cafbd05c4a9	05_科研台_学习台_工作台支撑/交接与恢复/2026-09-10__map-learning-redesign__pause-handoff.md	current_source
05_科研台_学习台_工作台支撑	九月新增或相关产出	计划或决策	/mnt/d/MyResearch/MAS_Safety_Project/progress/decisions/three-desks-v0.1/SOL_P1_EXECUTION.md	2026-09-11 03:51:04.620634400 -0700	22345	2126f929336629076aaffd375fff00f04a15e148c22917c1614d899d260aec5e	05_科研台_学习台_工作台支撑/计划与决策/three-desks-v0.1/SOL_P1_EXECUTION.md	current_source
05_科研台_学习台_工作台支撑	九月新增或相关产出	计划或决策	/mnt/d/MyResearch/MAS_Safety_Project/progress/decisions/three-desks-v0.1/sol-delivery/p1-20260910-sol/RECEIPT.md	2026-09-11 02:11:35.039694100 -0700	6606	a04d27fbab60a6f665b0b94503183122b1cb9e26edae61ae058e476bebc4c077	05_科研台_学习台_工作台支撑/计划与决策/three-desks-v0.1/sol-delivery/p1-20260910-sol/RECEIPT.md	current_source
05_科研台_学习台_工作台支撑	九月新增或相关产出	计划或决策	/mnt/d/MyResearch/MAS_Safety_Project/progress/decisions/three-desks-v0.1/sol-delivery/p1-20260910-sol/USAGE.md	2026-09-11 02:08:28.095945200 -0700	8103	2b5e94eb99382b4581555775bf51c2fad1f26b127176e6e5ac66b17e95aad9d7	05_科研台_学习台_工作台支撑/计划与决策/three-desks-v0.1/sol-delivery/p1-20260910-sol/USAGE.md	current_source
05_科研台_学习台_工作台支撑	九月新增或相关产出	计划或决策	/mnt/d/MyResearch/MAS_Safety_Project/progress/decisions/three-desks-v0.1/sol-delivery/p1-20260910-sol/CONTROLLER_ACCEPTANCE.md	2026-09-11 02:04:18.049093300 -0700	1339	8bfc2b4d6b6f1bce86c917e4502e3f8a7a0ac3fe38b1f45fa1d04f9fdf77fbc5	05_科研台_学习台_工作台支撑/计划与决策/three-desks-v0.1/sol-delivery/p1-20260910-sol/CONTROLLER_ACCEPTANCE.md	current_source
05_科研台_学习台_工作台支撑	九月新增或相关产出	计划或决策	/mnt/d/MyResearch/MAS_Safety_Project/progress/decisions/three-desks-v0.1/LEARNING.md	2026-09-10 22:21:01.421642200 -0700	9301	0a308d1b318c5ed572266fd41f1bb9e4ebb1f8365d56e6fc2060957d510a65b7	05_科研台_学习台_工作台支撑/计划与决策/three-desks-v0.1/LEARNING.md	current_source
05_科研台_学习台_工作台支撑	九月新增或相关产出	计划或决策	/mnt/d/MyResearch/MAS_Safety_Project/progress/decisions/three-desks-v0.1/WORKBENCH.md	2026-09-10 22:21:01.402598500 -0700	7685	be1590c3738381689e7350151c141a4e5e45c1e336b334ee9bbaf7bf1b4d26ac	05_科研台_学习台_工作台支撑/计划与决策/three-desks-v0.1/WORKBENCH.md	current_source
05_科研台_学习台_工作台支撑	九月新增或相关产出	计划或决策	/mnt/d/MyResearch/MAS_Safety_Project/progress/decisions/rd2-first-build-v0.2/README.md	2026-09-10 20:44:23.884040100 -0700	14754	a65478278ce18184a55ce99f5bcd8ec10902f242bb4973b29524739ee3a3c21b	05_科研台_学习台_工作台支撑/计划与决策/rd2-first-build-v0.2/README.md	current_source
05_科研台_学习台_工作台支撑	九月新增或相关产出	计划或决策	/mnt/d/MyResearch/MAS_Safety_Project/progress/decisions/rd2-first-build-v0.2/sol-delivery/b1a-20260910-sol-xhigh/CONTROLLER_ACCEPTANCE.md	2026-09-10 20:15:18.515276900 -0700	3575	d83b283e3693cdbfad4ff436288652075316132f3329b47f8d2d20611d087c77	05_科研台_学习台_工作台支撑/计划与决策/rd2-first-build-v0.2/sol-delivery/b1a-20260910-sol-xhigh/CONTROLLER_ACCEPTANCE.md	current_source
05_科研台_学习台_工作台支撑	九月新增或相关产出	计划或决策	/mnt/d/MyResearch/MAS_Safety_Project/progress/decisions/rd2-first-build-v0.2/sol-delivery/b1a-20260910-sol-xhigh/RECEIPT.md	2026-09-10 20:03:15.446110400 -0700	8061	b9f4a641daacdb6fe4e4a25872837845cb7ecf6b575e5f6cf4c4f2ce83e45d70	05_科研台_学习台_工作台支撑/计划与决策/rd2-first-build-v0.2/sol-delivery/b1a-20260910-sol-xhigh/RECEIPT.md	current_source
05_科研台_学习台_工作台支撑	九月新增或相关产出	计划或决策	/mnt/d/MyResearch/MAS_Safety_Project/progress/decisions/rd2-first-build-v0.2/sol-delivery/COMPARISON.md	2026-09-10 19:53:23.678386400 -0700	4528	4fd13342b8b4f517fd9269f1d3ab2ac6baea8699ccb9a3fef75aff90a54fe0a9	05_科研台_学习台_工作台支撑/计划与决策/rd2-first-build-v0.2/sol-delivery/COMPARISON.md	current_source
05_科研台_学习台_工作台支撑	九月新增或相关产出	计划或决策	/mnt/d/MyResearch/MAS_Safety_Project/progress/decisions/rd2-first-build-v0.2/DATA_CONTRACT.md	2026-09-10 19:52:54.312626900 -0700	9419	a42d67e55ae48728578c0baebf6606debbe5c00c060117ff130b5aa49871d910	05_科研台_学习台_工作台支撑/计划与决策/rd2-first-build-v0.2/DATA_CONTRACT.md	current_source
05_科研台_学习台_工作台支撑	九月新增或相关产出	计划或决策	/mnt/d/MyResearch/MAS_Safety_Project/progress/decisions/rd2-first-build-v0.2/sol-delivery/wb1-20260910-sol-xhigh/RECEIPT.md	2026-09-10 19:07:36.006523100 -0700	5187	335d549cb965307783d5a8f04e9486d352aa2ab79e281ee039ba2bf1b361d23d	05_科研台_学习台_工作台支撑/计划与决策/rd2-first-build-v0.2/sol-delivery/wb1-20260910-sol-xhigh/RECEIPT.md	current_source
05_科研台_学习台_工作台支撑	九月新增或相关产出	计划或决策	/mnt/d/MyResearch/MAS_Safety_Project/progress/decisions/rd2-first-build-v0.2/sol-delivery/wb1-20260910-sol-xhigh/WALKTHROUGH.md	2026-09-10 19:04:23.130569500 -0700	6406	106736d7842d612dca6ffe29b8524d1630c5def61377c227bb0fdc714843894d	05_科研台_学习台_工作台支撑/计划与决策/rd2-first-build-v0.2/sol-delivery/wb1-20260910-sol-xhigh/WALKTHROUGH.md	current_source
05_科研台_学习台_工作台支撑	九月新增或相关产出	计划或决策	/mnt/d/MyResearch/MAS_Safety_Project/progress/decisions/rd2-first-build-v0.2/sol-delivery/wb1-20260910-sol-xhigh/SOURCE_MAP.md	2026-09-10 19:04:23.108495400 -0700	11917	6a35425389681d514eb0d074b1cc87389a67340f84ec9b0f204267e0c0819bd4	05_科研台_学习台_工作台支撑/计划与决策/rd2-first-build-v0.2/sol-delivery/wb1-20260910-sol-xhigh/SOURCE_MAP.md	current_source
05_科研台_学习台_工作台支撑	九月新增或相关产出	计划或决策	/mnt/d/MyResearch/MAS_Safety_Project/progress/decisions/rd2-first-build-v0.2/sol-delivery/wb1-20260910-sol/RECEIPT.md	2026-09-10 18:48:54.605010800 -0700	2919	593a05072a94a3f853f158e10458dc00132fb218ee5186f733d2c56a3a318262	05_科研台_学习台_工作台支撑/计划与决策/rd2-first-build-v0.2/sol-delivery/wb1-20260910-sol/RECEIPT.md	current_source
05_科研台_学习台_工作台支撑	九月新增或相关产出	计划或决策	/mnt/d/MyResearch/MAS_Safety_Project/progress/decisions/rd2-first-build-v0.2/sol-delivery/wb1-20260910-sol/WALKTHROUGH.md	2026-09-10 18:48:54.580519100 -0700	2434	fc4641b9bc9b0b60412d0abe61bf80011b72d26b7be661da76e267139cc7a370	05_科研台_学习台_工作台支撑/计划与决策/rd2-first-build-v0.2/sol-delivery/wb1-20260910-sol/WALKTHROUGH.md	current_source
05_科研台_学习台_工作台支撑	九月新增或相关产出	计划或决策	/mnt/d/MyResearch/MAS_Safety_Project/progress/decisions/rd2-first-build-v0.2/sol-delivery/wb1-20260910-sol/SOURCE_MAP.md	2026-09-10 18:48:54.561521400 -0700	5338	89260904d239051ad5ab5334d77fa95d29a65b4bec92eb6bdb14730157c92c84	05_科研台_学习台_工作台支撑/计划与决策/rd2-first-build-v0.2/sol-delivery/wb1-20260910-sol/SOURCE_MAP.md	current_source
05_科研台_学习台_工作台支撑	九月新增或相关产出	计划或决策	/mnt/d/MyResearch/MAS_Safety_Project/progress/decisions/2026-09-10__research__rd2-sol-luna-execution-packets.md	2026-09-10 08:03:23.219955300 -0700	10778	6e6eac5fbbcdbb0217575424ae524d089ba4e926f32c66fc6323f3a8e3260054	05_科研台_学习台_工作台支撑/计划与决策/2026-09-10__research__rd2-sol-luna-execution-packets.md	current_source
05_科研台_学习台_工作台支撑	九月新增或相关产出	计划或决策	/mnt/d/MyResearch/MAS_Safety_Project/progress/decisions/2026-09-10__research__research-desk-first-development-contract-v0.1.md	2026-09-10 08:03:23.211536700 -0700	21813	bdf4cda5bf6216270d7ebb204405049be8d912477384a84bc30b19ac5c244961	05_科研台_学习台_工作台支撑/计划与决策/2026-09-10__research__research-desk-first-development-contract-v0.1.md	current_source
05_科研台_学习台_工作台支撑	九月新增或相关产出	计划或决策	/mnt/d/MyResearch/MAS_Safety_Project/progress/decisions/rd2-first-build-v0.2/IMPLEMENTATION.md	2026-09-10 08:03:23.201592600 -0700	8629	5121c67be18e138b259a11910ca0d0477f94e6ccdcca6fb322ba49c4a37eaebc	05_科研台_学习台_工作台支撑/计划与决策/rd2-first-build-v0.2/IMPLEMENTATION.md	current_source
05_科研台_学习台_工作台支撑	九月新增或相关产出	计划或决策	/mnt/d/MyResearch/MAS_Safety_Project/progress/decisions/rd2-first-build-v0.2/REQUIREMENTS.md	2026-09-10 08:03:23.190016500 -0700	7469	4721b4ad48d9bee337452e80edaa67fc2f70a310bc10fa5057aa56c720de4010	05_科研台_学习台_工作台支撑/计划与决策/rd2-first-build-v0.2/REQUIREMENTS.md	current_source
05_科研台_学习台_工作台支撑	九月新增或相关产出	计划或决策	/mnt/d/MyResearch/MAS_Safety_Project/progress/decisions/rd2-first-build-v0.2/WORKBOOK_INTEGRATION.md	2026-09-10 08:03:23.172029300 -0700	8127	9639f61da6c697ca7ab84a39e924fbc48c0bf26af3630576f24c671950da3e4c	05_科研台_学习台_工作台支撑/计划与决策/rd2-first-build-v0.2/WORKBOOK_INTEGRATION.md	current_source
05_科研台_学习台_工作台支撑	九月新增或相关产出	计划或决策	/mnt/d/MyResearch/MAS_Safety_Project/progress/decisions/rd2-first-build-v0.2/sample.json	2026-09-10 07:54:45.981476600 -0700	4213	a1761d02e315f2419a37e96b018095152c5a83423eafd9f1e2ed07dac3b0439d	05_科研台_学习台_工作台支撑/计划与决策/rd2-first-build-v0.2/sample.json	current_source
05_科研台_学习台_工作台支撑	九月新增或相关产出	计划或决策	/mnt/d/MyResearch/MAS_Safety_Project/progress/decisions/rd2-first-build-v0.2/REFERENCE_REVIEW.md	2026-09-10 07:54:45.973047800 -0700	2761	1cacf368e1b227dfd4a3e5b9ff651ed8824d6470b48be99ac9808bc1173e308b	05_科研台_学习台_工作台支撑/计划与决策/rd2-first-build-v0.2/REFERENCE_REVIEW.md	current_source
05_科研台_学习台_工作台支撑	九月新增或相关产出	计划或决策	/mnt/d/MyResearch/MAS_Safety_Project/progress/decisions/2026-09-10__research__map-learning-redesign-review-archive.md	2026-09-10 06:54:57.450806900 -0700	29460	e93194090670f18ff5f9f28e06b278ddcb8b1addd34e9cc10dcc7c65015041d3	05_科研台_学习台_工作台支撑/计划与决策/2026-09-10__research__map-learning-redesign-review-archive.md	current_source
05_科研台_学习台_工作台支撑	九月新增或相关产出	计划或决策	/mnt/d/MyResearch/MAS_Safety_Project/progress/decisions/2026-09-10__research__workflow-notes-and-coe-source-intake.md	2026-09-10 06:54:57.437777200 -0700	6564	3936c769f4b9296255afb7584d1bfcf95edfc41c58f518d595a9979acc69536d	05_科研台_学习台_工作台支撑/计划与决策/2026-09-10__research__workflow-notes-and-coe-source-intake.md	current_source
05_科研台_学习台_工作台支撑	九月新增或相关产出	计划或决策	/mnt/d/MyResearch/MAS_Safety_Project/progress/decisions/2026-09-10__research__research-desk-navigation-sol-execution-plan.md	2026-09-10 04:58:38.624737600 -0700	18272	b1938352d6db194fd97ca42c9be2595bed54afae24bb9a4bd40c0e5aea9482e6	05_科研台_学习台_工作台支撑/计划与决策/2026-09-10__research__research-desk-navigation-sol-execution-plan.md	current_source
01_进组总计划_OE1_材料交付/99_其他相关计划与状态	九月新增或相关产出	计划或决策	/mnt/d/MyResearch/MAS_Safety_Project/progress/decisions/2026-09-10__research__SOL_START_HERE.md	2026-09-10 04:58:27.907593400 -0700	2344	4cc597653a9e3ba45fcba639e5f13c61504ad30b235f0736c903aae45b1659b0	01_进组总计划_OE1_材料交付/99_其他相关计划与状态/计划与决策/2026-09-10__research__SOL_START_HERE.md	current_source
05_科研台_学习台_工作台支撑	九月新增或相关产出	审计与核验	/mnt/d/MyResearch/MAS_Safety_Project/progress/audits/2026/09/2026-09-08__research-inventory/09_学习科研体系运行方案与新讨论整合.md	2026-09-10 03:28:05.630815700 -0700	17292	0be9c312c7e8cdff177a3fc3b7e2081832f45cb861f0d64dc7d150701607c74c	05_科研台_学习台_工作台支撑/审计与核验/2026/09/2026-09-08__research-inventory/09_学习科研体系运行方案与新讨论整合.md	current_source
01_进组总计划_OE1_材料交付	九月新增或相关产出	任务日志	/mnt/d/MyResearch/MAS_Safety_Project/progress/task_logs/2026/09/2026-09-08__audit__research-desk-and-group-entry-inventory.md	2026-09-10 03:24:05.257762100 -0700	41689	2f053ddf4518d2102af44b9f43f7fc044c073e8111c2f2b1a897f35fd3f8e7c4	01_进组总计划_OE1_材料交付/任务日志/2026/09/2026-09-08__audit__research-desk-and-group-entry-inventory.md	current_source
05_科研台_学习台_工作台支撑	九月新增或相关产出	审计与核验	/mnt/d/MyResearch/MAS_Safety_Project/progress/audits/2026/09/2026-09-08__research-inventory/03_科研台当前版本进度_整体设计与资产详版.md	2026-09-10 03:22:00.769817000 -0700	74777	40ddaec120bef3f762fd3a961ad5874a9e7d278ef5a0e42b6c7ed2c3f93ab427	05_科研台_学习台_工作台支撑/审计与核验/2026/09/2026-09-08__research-inventory/03_科研台当前版本进度_整体设计与资产详版.md	current_source
05_科研台_学习台_工作台支撑	九月新增或相关产出	计划或决策	/mnt/d/MyResearch/MAS_Safety_Project/progress/decisions/2026-09-08__research__research-desk-construction-blueprint-v0.1.md	2026-09-10 03:22:00.745259000 -0700	11135	06d3e9658a3a78bab6b28bdc4a2973a334b189317e31243d3d3f0d04f2ea62c3	05_科研台_学习台_工作台支撑/计划与决策/2026-09-08__research__research-desk-construction-blueprint-v0.1.md	current_source
01_进组总计划_OE1_材料交付/99_其他相关计划与状态	九月新增或相关产出	计划或决策	/mnt/d/MyResearch/MAS_Safety_Project/progress/decisions/2026-09-08__research__guidance-library-integration-spec-v0.1.md	2026-09-09 06:59:01.233515900 -0700	19267	1169c12b95334c664a5883cc10ebdd5f8f99162f5c2b2160076c650da5c34cf5	01_进组总计划_OE1_材料交付/99_其他相关计划与状态/计划与决策/2026-09-08__research__guidance-library-integration-spec-v0.1.md	current_source
01_进组总计划_OE1_材料交付/99_其他相关计划与状态	九月新增或相关产出	交接与恢复	/mnt/d/MyResearch/MAS_Safety_Project/progress/handoff/2026-09-08__edgeim-learning-training-acceptance-order__pause-handoff.md	2026-09-08 08:02:45.723308400 -0700	6968	7eb749575c6adfba7f4e059ea4409b736d5e2ab318b3de22d3ab59ff6700d0ce	01_进组总计划_OE1_材料交付/99_其他相关计划与状态/交接与恢复/2026-09-08__edgeim-learning-training-acceptance-order__pause-handoff.md	current_source
05_科研台_学习台_工作台支撑	九月新增或相关产出	计划或决策	/mnt/d/MyResearch/MAS_Safety_Project/progress/decisions/2026-09-08__research__research-canvas-graph-requirements-v0.4.md	2026-09-08 07:12:23.226331500 -0700	11258	b939ee64ed92d59fb152bf8d799e76f1c83c1d1473e16cac6f2a29d65be57a32	05_科研台_学习台_工作台支撑/计划与决策/2026-09-08__research__research-canvas-graph-requirements-v0.4.md	current_source
05_科研台_学习台_工作台支撑	九月新增或相关产出	计划或决策	/mnt/d/MyResearch/MAS_Safety_Project/progress/decisions/2026-09-08__research__research-system-decoupled-design-v0.3.md	2026-09-08 06:31:30.139265300 -0700	17433	c9fd5d6be20fc223ef625f09616bb85fc420ae62a4908d0b0b22cef37e216e9d	05_科研台_学习台_工作台支撑/计划与决策/2026-09-08__research__research-system-decoupled-design-v0.3.md	current_source
05_科研台_学习台_工作台支撑	九月新增或相关产出	交接与恢复	/mnt/d/MyResearch/MAS_Safety_Project/progress/handoff/2026-09-08__research-workbench-decoupling__pause-handoff.md	2026-09-08 05:20:56.235382800 -0700	9793	d77930cc0d62d4e30f7c0bc2ab956b993f5612d2d702380c81c151628a9c3355	05_科研台_学习台_工作台支撑/交接与恢复/2026-09-08__research-workbench-decoupling__pause-handoff.md	current_source
05_科研台_学习台_工作台支撑	九月新增或相关产出	审计与核验	/mnt/d/MyResearch/MAS_Safety_Project/progress/audits/2026/09/2026-09-08__research-inventory/05_科研任务盘点与具体情况详版.md	2026-09-08 05:19:56.979037100 -0700	75135	33a728240e69e8abf31809ba876f1572c2570cf58f9c720ffa0bfaafdc01dec9	05_科研台_学习台_工作台支撑/审计与核验/2026/09/2026-09-08__research-inventory/05_科研任务盘点与具体情况详版.md	current_source
05_科研台_学习台_工作台支撑	九月新增或相关产出	审计与核验	/mnt/d/MyResearch/MAS_Safety_Project/progress/audits/2026/09/2026-09-08__research-inventory/04_待整合的学习科研体系_构想与近期任务详版.md	2026-09-08 05:19:56.960569000 -0700	40542	d84d60832be290f0e43497937fb515f70876748751f9eb8fa0ccb071440ca729	05_科研台_学习台_工作台支撑/审计与核验/2026/09/2026-09-08__research-inventory/04_待整合的学习科研体系_构想与近期任务详版.md	current_source
05_科研台_学习台_工作台支撑	九月新增或相关产出	审计与核验	/mnt/d/MyResearch/MAS_Safety_Project/progress/audits/2026/09/2026-09-08__research-inventory/sources/0907、08的讨论_用户补充原文.md	2026-09-08 05:06:03.320492400 -0700	113824	f257fee9b1da4a0429adf3091f21d087b9402eb22163864cbc3e425b6e143fbc	05_科研台_学习台_工作台支撑/审计与核验/2026/09/2026-09-08__research-inventory/sources/0907、08的讨论_用户补充原文.md	current_source
05_科研台_学习台_工作台支撑	九月新增或相关产出	计划或决策	/mnt/d/MyResearch/MAS_Safety_Project/progress/decisions/2026-09-08__research__research-desk-fusion-design.md	2026-09-08 04:50:09.773797600 -0700	22289	576cdadc800f85f7b6e2b30ab913bce783817f2bbbf6a09d80117f9a702f7404	05_科研台_学习台_工作台支撑/计划与决策/2026-09-08__research__research-desk-fusion-design.md	current_source
05_科研台_学习台_工作台支撑	九月新增或相关产出	计划或决策	/mnt/d/MyResearch/MAS_Safety_Project/progress/decisions/2026-09-05__research__independent-research-desk-design-alignment.md	2026-09-08 04:14:21.249665300 -0700	12275	74680fb6e75d1e785d520ec4d09ed6d3cb11b9b866980d830e694088d46af5e4	05_科研台_学习台_工作台支撑/计划与决策/2026-09-05__research__independent-research-desk-design-alignment.md	current_source
05_科研台_学习台_工作台支撑	九月新增或相关产出	审计与核验	/mnt/d/MyResearch/MAS_Safety_Project/progress/audits/2026/09/2026-09-08__research-inventory/08_科研台搭建审查与融合取舍.md	2026-09-08 04:14:21.232936400 -0700	12824	eb77ca6e0defb87492607e2b609be77d8c6da2ea8b2563e699b9438a4ff36455	05_科研台_学习台_工作台支撑/审计与核验/2026/09/2026-09-08__research-inventory/08_科研台搭建审查与融合取舍.md	current_source
05_科研台_学习台_工作台支撑	九月新增或相关产出	审计与核验	/mnt/d/MyResearch/MAS_Safety_Project/progress/audits/2026/09/2026-09-08__research-inventory/07_手机接续与科研台落地实施方案.md	2026-09-08 04:14:21.222086200 -0700	20623	cfa6a31e819c6cc0165a9ee6fb53ca5800b6488f1ad8b1db9aed51fb9d3db2dd	05_科研台_学习台_工作台支撑/审计与核验/2026/09/2026-09-08__research-inventory/07_手机接续与科研台落地实施方案.md	current_source
05_科研台_学习台_工作台支撑	九月新增或相关产出	手册与规则	/mnt/d/MyResearch/MAS_Safety_Project/progress/runbooks/research-desk-mobile-handoff.md	2026-09-08 03:44:30.069248200 -0700	4989	cab935142c2c21eae6575f28c2cd1df826deaf7e466d60e26398d6dc5f94e612	05_科研台_学习台_工作台支撑/手册/research-desk-mobile-handoff.md	current_source
05_科研台_学习台_工作台支撑	九月新增或相关产出	审计与核验	/mnt/d/MyResearch/MAS_Safety_Project/progress/audits/2026/09/2026-09-08__research-inventory/06_论文与AI带学_基础线及科研菌丝网整体安排.md	2026-09-08 03:44:30.019402000 -0700	28276	8754008bb78c8eb98c6389b1e934a4822397610dae867bbc21fbdb2bba0adfde	05_科研台_学习台_工作台支撑/审计与核验/2026/09/2026-09-08__research-inventory/06_论文与AI带学_基础线及科研菌丝网整体安排.md	current_source
01_进组总计划_OE1_材料交付	九月新增或相关产出	审计与核验	/mnt/d/MyResearch/MAS_Safety_Project/progress/audits/2026/09/2026-09-08__research-inventory/02_近期科研与进组材料清单.md	2026-09-08 02:20:53.054086700 -0700	67104	3deaa6aba249a414e1b619196543cad097a6292ac07675cf138b39771c4a702f	01_进组总计划_OE1_材料交付/审计与核验/2026/09/2026-09-08__research-inventory/02_近期科研与进组材料清单.md	current_source
05_科研台_学习台_工作台支撑	九月新增或相关产出	审计与核验	/mnt/d/MyResearch/MAS_Safety_Project/progress/audits/2026/09/2026-09-08__research-inventory/01_科研台全景盘点_含Map.md	2026-09-08 01:53:38.904115000 -0700	56841	e969802904a2d7a3325e9f525b42da503542f9a80b421d4aed0e6ecebc7a682f	05_科研台_学习台_工作台支撑/审计与核验/2026/09/2026-09-08__research-inventory/01_科研台全景盘点_含Map.md	current_source
05_科研台_学习台_工作台支撑	九月新增或相关产出	审计与核验	/mnt/d/MyResearch/MAS_Safety_Project/progress/audits/2026/09/2026-09-08__research-inventory/sources/Claude窗口收尾记录_原附件_20260908.txt	2026-09-08 01:53:38.845981500 -0700	9419	6b69f794ee28ec5e2a9fa934b1513e582b816be10f1426661a6939002c5d85ad	05_科研台_学习台_工作台支撑/审计与核验/2026/09/2026-09-08__research-inventory/sources/Claude窗口收尾记录_原附件_20260908.txt	current_source
01_进组总计划_OE1_材料交付/99_其他相关计划与状态	九月新增或相关产出	任务日志	/mnt/d/MyResearch/MAS_Safety_Project/progress/task_logs/2026/09/2026-09-06__research__edgeim-plan-rewrite-draft-and-input-review.md	2026-09-06 06:31:53.442481600 -0700	12317	3c781a39642758218af67e1ef87cce96735a88e75d9d9655e1a9a793a44cab47	01_进组总计划_OE1_材料交付/99_其他相关计划与状态/任务日志/2026/09/2026-09-06__research__edgeim-plan-rewrite-draft-and-input-review.md	current_source
01_进组总计划_OE1_材料交付	九月新增或相关产出	计划或决策	/mnt/d/MyResearch/MAS_Safety_Project/progress/decisions/2026-09-06__research__edgeim-jinzu-reconstruction-TASK-004.md	2026-09-06 06:30:40.472566800 -0700	25874	cdc1b383cf2c3b7b6cfce543f79e450e6ed4c31cf024249767fac7b2d638d10e	01_进组总计划_OE1_材料交付/计划与决策/2026-09-06__research__edgeim-jinzu-reconstruction-TASK-004.md	current_source
01_进组总计划_OE1_材料交付/99_其他相关计划与状态	九月新增或相关产出	计划或决策	/mnt/d/MyResearch/MAS_Safety_Project/progress/decisions/2026-09-06__research__edgeim-plan-rewrite-draft.md	2026-09-06 06:26:36.383821400 -0700	12144	87dfa868f7e8ceb68ffcaa25203df8165145cc782c3933996cb53742c6143d96	01_进组总计划_OE1_材料交付/99_其他相关计划与状态/计划与决策/2026-09-06__research__edgeim-plan-rewrite-draft.md	current_source
01_进组总计划_OE1_材料交付	九月新增或相关产出	任务日志	/mnt/d/MyResearch/MAS_Safety_Project/progress/task_logs/2026/09/2026-09-06__research__group-entry-plan-reconstruction-checkpoint.md	2026-09-06 05:55:33.479693100 -0700	11861	3a2f8796d3e50a307298b7d3eb1264a39629696926926af6c42535f50392438e	01_进组总计划_OE1_材料交付/任务日志/2026/09/2026-09-06__research__group-entry-plan-reconstruction-checkpoint.md	current_source
01_进组总计划_OE1_材料交付	九月新增或相关产出	计划或决策	/mnt/d/MyResearch/MAS_Safety_Project/progress/decisions/2026-09-06__research__lu-sun-intersection-matrix-and-group-entry-reframe.md	2026-09-06 05:55:21.307507300 -0700	24568	3b791b0981ec9723374243225420f95632e8518d98e98ea7778cb61cc6743945	01_进组总计划_OE1_材料交付/计划与决策/2026-09-06__research__lu-sun-intersection-matrix-and-group-entry-reframe.md	current_source
01_进组总计划_OE1_材料交付/99_其他相关计划与状态	九月新增或相关产出	任务日志	/mnt/d/MyResearch/MAS_Safety_Project/progress/task_logs/2026/09/2026-09-06__research__only-paper-session-archive.md	2026-09-06 04:27:02.936784700 -0700	1685	150437bd9d2e1af52ad34a26ae8d5ea82a2983e680f72898226d9967c2b8b91d	01_进组总计划_OE1_材料交付/99_其他相关计划与状态/任务日志/2026/09/2026-09-06__research__only-paper-session-archive.md	current_source
01_进组总计划_OE1_材料交付/99_其他相关计划与状态	九月新增或相关产出	任务日志	/mnt/d/MyResearch/MAS_Safety_Project/progress/task_logs/2026/09/2026-09-06__research__edgeim-mastery-gate-v2-redesign.md	2026-09-05 09:25:16.991205400 -0700	3823	f826d33307a1ca20c2523a73c4cf138b801d0c7f91c5646e824537c02ce5b6a2	01_进组总计划_OE1_材料交付/99_其他相关计划与状态/任务日志/2026/09/2026-09-06__research__edgeim-mastery-gate-v2-redesign.md	current_source
01_进组总计划_OE1_材料交付/99_其他相关计划与状态	九月新增或相关产出	计划或决策	/mnt/d/MyResearch/MAS_Safety_Project/progress/decisions/2026-09-05__research__edgeim-mastery-gate-and-learning-restructure.md	2026-09-05 09:24:43.307203100 -0700	16870	1a8b1e0c774c3b31d4e49a01ae5d5677d137f9a7dce46f1bc06ace6cb0a9531e	01_进组总计划_OE1_材料交付/99_其他相关计划与状态/计划与决策/2026-09-05__research__edgeim-mastery-gate-and-learning-restructure.md	current_source
01_进组总计划_OE1_材料交付/99_其他相关计划与状态	九月新增或相关产出	交接与恢复	/mnt/d/MyResearch/MAS_Safety_Project/progress/handoff/2026-09-05__edgeim-mastery-gate-rewrite__wrong-model-handoff.md	2026-09-05 08:27:21.996405800 -0700	6397	e1523d7515758b9cca67f725709c526a6b5be8bee731dd6757315d27aff92f07	01_进组总计划_OE1_材料交付/99_其他相关计划与状态/交接与恢复/2026-09-05__edgeim-mastery-gate-rewrite__wrong-model-handoff.md	current_source
05_科研台_学习台_工作台支撑	九月新增或相关产出	任务日志	/mnt/d/MyResearch/MAS_Safety_Project/progress/task_logs/2026/09/2026-09-05__research__research-desk-three-source-improvement.md	2026-09-05 07:01:15.531768700 -0700	4506	c4559478bc4b59978435b4daf2f2b337f09a9500e5357d9e2885bf504459e012	05_科研台_学习台_工作台支撑/任务日志/2026/09/2026-09-05__research__research-desk-three-source-improvement.md	current_source
05_科研台_学习台_工作台支撑	九月新增或相关产出	计划或决策	/mnt/d/MyResearch/MAS_Safety_Project/progress/decisions/2026-09-05__research__research-desk-stage0-semantic-contract.md	2026-09-05 07:01:15.520411300 -0700	7960	ec6322805eea7cae6a8ea74bdf7d4025972b33576d4846801c86495c8d09c1a0	05_科研台_学习台_工作台支撑/计划与决策/2026-09-05__research__research-desk-stage0-semantic-contract.md	current_source
05_科研台_学习台_工作台支撑	九月新增或相关产出	计划或决策	/mnt/d/MyResearch/MAS_Safety_Project/progress/decisions/2026-09-05__research__research-desk-three-source-improvement-proposal.md	2026-09-05 06:13:48.662440000 -0700	15060	104e60d145b9296857f3eddb6040f6ba94909f130d175851f5303b0cf4fb5b97	05_科研台_学习台_工作台支撑/计划与决策/2026-09-05__research__research-desk-three-source-improvement-proposal.md	current_source
01_进组总计划_OE1_材料交付/99_其他相关计划与状态	九月新增或相关产出	交接与恢复	/mnt/d/MyResearch/MAS_Safety_Project/progress/handoff/2026-09-05__edgeim-learning-package-additive-upgrade__pause-handoff.md	2026-09-04 19:03:31.717812100 -0700	17863	6b061d1324c278684a3b8c6d4249f792981d50fb886fe5c76c2101d96a47b1e2	01_进组总计划_OE1_材料交付/99_其他相关计划与状态/交接与恢复/2026-09-05__edgeim-learning-package-additive-upgrade__pause-handoff.md	current_source
02_四论文Ownership主线/00_共享合同_计划_验收	九月新增或相关产出	任务日志	/mnt/d/MyResearch/MAS_Safety_Project/progress/task_logs/2026/09/2026-09-05__research__four-paper-cross-training-loop.md	2026-09-04 16:38:40.060609800 -0700	2899	7df9fe2f726630b396452d948616213f380adfa9388e2a053aa9cd6cda1fcdb5	02_四论文Ownership主线/00_共享合同_计划_验收/任务日志/2026/09/2026-09-05__research__four-paper-cross-training-loop.md	current_source
03_鲁组其他论文与研究谱系/08_导师画像_谱系_团队	九月新增或相关产出	任务日志	/mnt/d/MyResearch/MAS_Safety_Project/progress/task_logs/2026/09/2026-09-05__research__lu-learning-lineage-transfer-plan-delta.md	2026-09-04 16:38:40.012566100 -0700	4374	a5f5040a0febc09ddd5d5be8e27b619ca4cdf35d032d7354a1d7baa4d4e858f2	03_鲁组其他论文与研究谱系/08_导师画像_谱系_团队/任务日志/2026/09/2026-09-05__research__lu-learning-lineage-transfer-plan-delta.md	current_source
03_鲁组其他论文与研究谱系/08_导师画像_谱系_团队	九月产出_0917学习包已纳入	计划或决策	/mnt/d/MyResearch/MAS_Safety_Project/progress/decisions/2026-09-05__research__lu-learning-lineage-transfer-plan-delta.md	2026-09-04 16:38:39.902040500 -0700	11650	06fabbdae136c0e125d43e92f4ffe82707425c168b32aa126a4bfc0f5b2a23f9	03_鲁组其他论文与研究谱系/08_导师画像_谱系_团队/计划与决策/2026-09-05__research__lu-learning-lineage-transfer-plan-delta.md	current_source
05_科研台_学习台_工作台支撑	九月新增或相关产出	计划或决策	/mnt/d/MyResearch/MAS_Safety_Project/progress/decisions/2026-09-04__research__luo-pengsida-fusion-workbench-mount-alignment.md	2026-09-04 02:34:22.093358300 -0700	16514	708be87655183d7fecf0f9f6f98068b15170d83d1049555272ee0853dfbcd1ea	05_科研台_学习台_工作台支撑/计划与决策/2026-09-04__research__luo-pengsida-fusion-workbench-mount-alignment.md	current_source
01_进组总计划_OE1_材料交付/99_其他相关计划与状态	九月新增或相关产出	任务日志	/mnt/d/MyResearch/MAS_Safety_Project/progress/task_logs/2026/09/2026-09-04__research__luo-handbook-pdf-integration.md	2026-09-04 00:59:58.902195600 -0700	7780	54c2a64239cb82d4f90f06a118ba23ee4e30c66b66fcd619e59e3f72e317fa61	01_进组总计划_OE1_材料交付/99_其他相关计划与状态/任务日志/2026/09/2026-09-04__research__luo-handbook-pdf-integration.md	current_source
01_进组总计划_OE1_材料交付/99_其他相关计划与状态	九月新增或相关产出	任务日志	/mnt/d/MyResearch/MAS_Safety_Project/progress/task_logs/2026/09/2026-09-04__research__lu-edgeim-ex00-v2-reissue-and-backlog-commit.md	2026-09-04 00:38:53.290152200 -0700	9819	0fe5d09efbb25584a566dc95a5a74190899e1f0d70309199f0cd705796581dcf	01_进组总计划_OE1_材料交付/99_其他相关计划与状态/任务日志/2026/09/2026-09-04__research__lu-edgeim-ex00-v2-reissue-and-backlog-commit.md	current_source
05_科研台_学习台_工作台支撑	九月新增或相关产出	交接与恢复	/mnt/d/MyResearch/MAS_Safety_Project/progress/handoff/2026-09-04__research-system__window-handoff-snapshot.md	2026-09-03 22:59:06.006540600 -0700	9869	a6244c7eeda7e7173aa10ed1602e4c0129da3fadad9cbd8ce4bbb82e02fe7cd4	05_科研台_学习台_工作台支撑/交接与恢复/2026-09-04__research-system__window-handoff-snapshot.md	current_source
05_科研台_学习台_工作台支撑	九月新增或相关产出	任务日志	/mnt/d/MyResearch/MAS_Safety_Project/progress/task_logs/2026/09/2026-09-04__research__research-system-overnight.md	2026-09-03 14:52:38.481293900 -0700	9186	1a0409cfc1b5d941d132549419aad464f07b437749d9057f09e3f78e3cefcc67	05_科研台_学习台_工作台支撑/任务日志/2026/09/2026-09-04__research__research-system-overnight.md	current_source
04_Bridge与迁移研究	九月新增或相关产出	计划或决策	/mnt/d/MyResearch/MAS_Safety_Project/progress/decisions/2026-09-03__research__bridge-segment0-execution-brief-v1.1.md	2026-09-03 05:58:28.897969200 -0700	13447	7e4a572a6fcd98a83f71c4adfebf2002c6c2c87998de105e68179173c7c71a42	04_Bridge与迁移研究/计划与决策/2026-09-03__research__bridge-segment0-execution-brief-v1.1.md	current_source
04_Bridge与迁移研究	九月新增或相关产出	交接与恢复	/mnt/d/MyResearch/MAS_Safety_Project/progress/handoff/2026-09-03__codex-guardrail-and-bridge-pause__handoff.md	2026-09-03 05:06:28.747751700 -0700	7257	e03c3461d268ce78de16a3bc145620cb1623de5c45fecb6f14d06145f7a9ad7c	04_Bridge与迁移研究/交接与恢复/2026-09-03__codex-guardrail-and-bridge-pause__handoff.md	current_source
04_Bridge与迁移研究	九月新增或相关产出	任务日志	/mnt/d/MyResearch/MAS_Safety_Project/progress/task_logs/2026/09/2026-09-03__archive__codex-guardrail-and-bridge-pause.md	2026-09-03 05:05:39.125593400 -0700	4517	662028ba5b023fcd3be734841e84fa9335703f4585cc76ca9344ff23f362b1c2	04_Bridge与迁移研究/任务日志/2026/09/2026-09-03__archive__codex-guardrail-and-bridge-pause.md	current_source
04_Bridge与迁移研究	九月新增或相关产出	交接与恢复	/mnt/d/MyResearch/MAS_Safety_Project/progress/handoff/2026-09-03__bridge-r1-pilot__pause-handoff.md	2026-09-03 03:50:22.482008400 -0700	4411	b8b2097c72186a824d4db9aa44358cf0c2d367a8202c98a64efcec717a55a412	04_Bridge与迁移研究/交接与恢复/2026-09-03__bridge-r1-pilot__pause-handoff.md	current_source
04_Bridge与迁移研究	九月新增或相关产出	计划或决策	/mnt/d/MyResearch/MAS_Safety_Project/progress/decisions/2026-09-03__research__bridge-segment0-execution-brief.md	2026-09-02 19:24:27.855722700 -0700	9053	81737628c628f76df210e47bb62a2faeb9c65ba4848da318bf0fe22cbc6754f3	04_Bridge与迁移研究/计划与决策/2026-09-03__research__bridge-segment0-execution-brief.md	current_source
04_Bridge与迁移研究	九月新增或相关产出	计划或决策	/mnt/d/MyResearch/MAS_Safety_Project/progress/decisions/2026-09-03__research__bridge-lu-complete-plan-proposal__fable.md	2026-09-02 17:56:59.839681100 -0700	14982	60c39a6aa8d3d316a0fea03bd71e92d0d6ce1ec27d48c594475eff715dbdb007	04_Bridge与迁移研究/计划与决策/2026-09-03__research__bridge-lu-complete-plan-proposal__fable.md	current_source
04_Bridge与迁移研究	九月新增或相关产出	计划或决策	/mnt/d/MyResearch/MAS_Safety_Project/progress/decisions/2026-09-03__research__bridge-lu-complete-plan-proposal.md	2026-09-02 17:45:51.501736900 -0700	16552	78c9a9597a58403dd47cf6a1aa7065daea949a38c47cebca46d016755deb6c7b	04_Bridge与迁移研究/计划与决策/2026-09-03__research__bridge-lu-complete-plan-proposal.md	current_source
04_Bridge与迁移研究	九月新增或相关产出	计划或决策	/mnt/d/MyResearch/MAS_Safety_Project/progress/decisions/2026-09-02__research__bridge-requirements-realignment-and-edgeim-slice-proposal.md	2026-09-02 16:50:47.593832600 -0700	31414	b85afbee8c80c4fdcaf65724155453cf2478bc8ad00e31dcb723f134f9c54ed9	04_Bridge与迁移研究/计划与决策/2026-09-02__research__bridge-requirements-realignment-and-edgeim-slice-proposal.md	current_source
04_Bridge与迁移研究	九月新增或相关产出	任务日志	/mnt/d/MyResearch/MAS_Safety_Project/progress/task_logs/2026/08/2026-08-30__research__bridge-lu-two-week-masterplan-alignment.md	2026-09-02 16:50:26.215055800 -0700	23025	9e46b564d53d0d12d51784195ec0b405b0d900379225cb93cce349a64bd4ec4a	04_Bridge与迁移研究/任务日志/2026/08/2026-08-30__research__bridge-lu-two-week-masterplan-alignment.md	current_source
04_Bridge与迁移研究	九月新增或相关产出	交接与恢复	/mnt/d/MyResearch/MAS_Safety_Project/progress/handoff/2026-09-02__bridge-requirements-realignment-pause__handoff.md	2026-09-02 16:49:55.955359200 -0700	8295	519dba41b4b2621eb9a5d0f921dabfae898e0bcf7ef77785266bdcae62217f31	04_Bridge与迁移研究/交接与恢复/2026-09-02__bridge-requirements-realignment-pause__handoff.md	current_source
04_Bridge与迁移研究	九月新增或相关产出	交接与恢复	/mnt/d/MyResearch/MAS_Safety_Project/progress/handoff/2026-09-02__bridge-t2-priority-and-research-object__sol-pause-handoff.md	2026-09-02 08:07:58.579383700 -0700	10703	8c0686c76f2edbab708defed971d170749eb889d66218ac7c2096165e684b57e	04_Bridge与迁移研究/交接与恢复/2026-09-02__bridge-t2-priority-and-research-object__sol-pause-handoff.md	current_source
04_Bridge与迁移研究	九月新增或相关产出	交接与恢复	/mnt/d/MyResearch/MAS_Safety_Project/progress/handoff/2026-09-02__bridge-scheme-evaluation-framework__sol-pause-handoff.md	2026-09-02 07:33:07.241086300 -0700	15969	fe36257d3497f12caaff2c5a297e329396327620567e14f13a2ccfb649b07f29	04_Bridge与迁移研究/交接与恢复/2026-09-02__bridge-scheme-evaluation-framework__sol-pause-handoff.md	current_source
04_Bridge与迁移研究	九月新增或相关产出	交接与恢复	/mnt/d/MyResearch/MAS_Safety_Project/progress/handoff/2026-09-02__bridge-requirements-realignment__sol-review-pause-handoff.md	2026-09-02 07:14:04.270816500 -0700	14603	f4f2394be0dc6fea770bfd9d904f74906f5be6e8fd68c0bcf5c5211e17dcffea	04_Bridge与迁移研究/交接与恢复/2026-09-02__bridge-requirements-realignment__sol-review-pause-handoff.md	current_source
05_科研台_学习台_工作台支撑	进组相关存量材料	交接与恢复	/mnt/d/MyResearch/MAS_Safety_Project/progress/handoff/2026-09-01__workbench-v2-wp0-codex-execution__handoff.md	2026-08-31 19:02:29.772903800 -0700	15114	2b3b09703c84f7d7549615544ea0b6113053f6cebcff3eea3155a3d87f528ae5	05_科研台_学习台_工作台支撑/交接与恢复/2026-09-01__workbench-v2-wp0-codex-execution__handoff.md	current_source
05_科研台_学习台_工作台支撑	进组相关存量材料	任务日志	/mnt/d/MyResearch/MAS_Safety_Project/progress/task_logs/2026/09/2026-09-01__maintenance__workbench-v2-wp0-codex-execution.md	2026-08-31 19:00:34.208481500 -0700	9259	87baee99572670176cd5308adff803070f3301b0875d42b36d5855ff140d614d	05_科研台_学习台_工作台支撑/任务日志/2026/09/2026-09-01__maintenance__workbench-v2-wp0-codex-execution.md	current_source
05_科研台_学习台_工作台支撑	进组相关存量材料	交接与恢复	/mnt/d/MyResearch/MAS_Safety_Project/progress/handoff/2026-09-01__workbench-v2-design-window__handoff.md	2026-08-31 11:26:38.730969900 -0700	9025	53afbedf2ad0bd224b034fc2acf245c5b2ada49dbc1f78cd06d240ea1cc8c15d	05_科研台_学习台_工作台支撑/交接与恢复/2026-09-01__workbench-v2-design-window__handoff.md	current_source
01_进组总计划_OE1_材料交付/99_其他相关计划与状态	进组相关存量材料	任务日志	/mnt/d/MyResearch/MAS_Safety_Project/progress/task_logs/2026/09/2026-09-01__maintenance__wp0-codex-brief-draft.md	2026-08-31 09:41:01.315855400 -0700	3495	619f68e65b0d2e050c5667548708c06e9a0c71ff27ad9ac175b1674a58e0d8c7	01_进组总计划_OE1_材料交付/99_其他相关计划与状态/任务日志/2026/09/2026-09-01__maintenance__wp0-codex-brief-draft.md	current_source
05_科研台_学习台_工作台支撑	进组相关存量材料	任务日志	/mnt/d/MyResearch/MAS_Safety_Project/progress/task_logs/2026/09/2026-09-01__maintenance__workbench-v2-contract-freeze-batch.md	2026-08-31 09:07:09.844576300 -0700	7622	8f0f5be2ac90910d7ef7af4ee4ce4b4f3aefb8655934fe9122ec865b7c1a74b6	05_科研台_学习台_工作台支撑/任务日志/2026/09/2026-09-01__maintenance__workbench-v2-contract-freeze-batch.md	current_source
01_进组总计划_OE1_材料交付/99_其他相关计划与状态	存量学习包_0917整理纳入	项目卡	/mnt/d/MyResearch/MAS_Safety_Project/progress/projects/teaching-prefab.md	2026-08-26 04:20:24.980182700 -0700	2855	7e540547b6bcb50a9b621941309f2b98354b1574bbb2aa31635a5873fffabc53	01_进组总计划_OE1_材料交付/99_其他相关计划与状态/项目卡/teaching-prefab.md	current_source
01_进组总计划_OE1_材料交付/99_其他相关计划与状态	存量学习包_0917整理纳入	交接与恢复	/mnt/d/MyResearch/MAS_Safety_Project/progress/handoff/2026-08-14__teaching-prefab-batch/README.md	2026-08-21 19:33:45.076005100 -0700	5716	bfc53b1bca7bde88cb1a8eeb574d4bc939cbf84c1e86ca03cb39b571c0532093	01_进组总计划_OE1_材料交付/99_其他相关计划与状态/交接与恢复/2026-08-14__teaching-prefab-batch/README.md	current_source
01_进组总计划_OE1_材料交付/99_其他相关计划与状态	存量学习包_0917整理纳入	交接与恢复	/mnt/d/MyResearch/MAS_Safety_Project/progress/handoff/2026-08-14__teaching-prefab-batch/USER_GUIDE.md	2026-08-13 13:34:26.469016000 -0700	3557	0d783d605cd3e39436bda64a568554d9b9d6ec3479bce654c610c940439c84a9	01_进组总计划_OE1_材料交付/99_其他相关计划与状态/交接与恢复/2026-08-14__teaching-prefab-batch/USER_GUIDE.md	current_source
