category	source	vault_path	bytes	source_mtime_utc
论文原文	/mnt/d/MyResearch/Deadlock-2024-IEEEAccess.pdf	learning/group-entry/sources/Deadlock-2024-IEEEAccess.pdf	2372808	2026-08-12T18:13:26+00:00
论文原文	/mnt/d/MyResearch/DeadlockSeg-2026-TST.pdf	learning/group-entry/sources/DeadlockSeg-2026-TST.pdf	2346619	2026-08-12T18:12:25+00:00
课程规则与状态快照	/mnt/d/MyResearch/MAS_Safety_Project/learning/00_MASTER_INDEX.md	learning/group-entry/sources/MAS_Safety_Project/learning/00_MASTER_INDEX.md	9214	2026-05-10T13:39:21+00:00
课程规则与状态快照	/mnt/d/MyResearch/MAS_Safety_Project/learning/LEARNING_PATH.md	learning/group-entry/sources/MAS_Safety_Project/learning/LEARNING_PATH.md	5817	2026-05-08T07:29:43+00:00
课程规则与状态快照	/mnt/d/MyResearch/MAS_Safety_Project/learning/Learning–Research OS v0.1 — FROZEN 2026-09-03.md	learning/group-entry/sources/MAS_Safety_Project/learning/Learning–Research OS v0.1 — FROZEN 2026-09-03.md	17302	2026-09-03T11:52:34+00:00
课程规则与状态快照	/mnt/d/MyResearch/MAS_Safety_Project/learning/ROADMAP.md	learning/group-entry/sources/MAS_Safety_Project/learning/ROADMAP.md	6612	2026-05-10T10:07:45+00:00
历史复习	/mnt/d/MyResearch/MAS_Safety_Project/learning/case_studies/evoagent/00_LEARNING_MAP.md	learning/group-entry/sources/MAS_Safety_Project/learning/case_studies/evoagent/00_LEARNING_MAP.md	12487	2026-08-23T09:09:40+00:00
历史复习	/mnt/d/MyResearch/MAS_Safety_Project/learning/case_studies/evoagent/01_VERTICAL_SLICE.md	learning/group-entry/sources/MAS_Safety_Project/learning/case_studies/evoagent/01_VERTICAL_SLICE.md	24083	2026-08-10T10:57:55+00:00
历史复习	/mnt/d/MyResearch/MAS_Safety_Project/learning/case_studies/evoagent/02_PATTERN_CARDS.md	learning/group-entry/sources/MAS_Safety_Project/learning/case_studies/evoagent/02_PATTERN_CARDS.md	15642	2026-08-10T12:21:45+00:00
历史复习	/mnt/d/MyResearch/MAS_Safety_Project/learning/case_studies/evoagent/03_FAILURE_AND_EVIDENCE.md	learning/group-entry/sources/MAS_Safety_Project/learning/case_studies/evoagent/03_FAILURE_AND_EVIDENCE.md	11703	2026-08-10T12:24:18+00:00
历史复习	/mnt/d/MyResearch/MAS_Safety_Project/learning/case_studies/evoagent/LEARNING_LEDGER.md	learning/group-entry/sources/MAS_Safety_Project/learning/case_studies/evoagent/LEARNING_LEDGER.md	5277	2026-08-12T10:49:17+00:00
历史复习	/mnt/d/MyResearch/MAS_Safety_Project/learning/case_studies/evoagent/SOURCES.md	learning/group-entry/sources/MAS_Safety_Project/learning/case_studies/evoagent/SOURCES.md	8674	2026-08-23T09:09:40+00:00
历史复习	/mnt/d/MyResearch/MAS_Safety_Project/learning/case_studies/evoagent/tracks/PROCESS_RISK_PILOT.md	learning/group-entry/sources/MAS_Safety_Project/learning/case_studies/evoagent/tracks/PROCESS_RISK_PILOT.md	12999	2026-08-23T09:09:40+00:00
历史基础模块	/mnt/d/MyResearch/MAS_Safety_Project/learning/modules/01_critical_thinking/00_INDEX.md	learning/group-entry/sources/MAS_Safety_Project/learning/modules/01_critical_thinking/00_INDEX.md	979	2026-07-25T11:15:43+00:00
历史基础模块	/mnt/d/MyResearch/MAS_Safety_Project/learning/modules/01_critical_thinking/01_overview.md	learning/group-entry/sources/MAS_Safety_Project/learning/modules/01_critical_thinking/01_overview.md	3567	2026-07-25T11:15:43+00:00
历史基础模块	/mnt/d/MyResearch/MAS_Safety_Project/learning/modules/01_critical_thinking/02_audit_checklist.md	learning/group-entry/sources/MAS_Safety_Project/learning/modules/01_critical_thinking/02_audit_checklist.md	6786	2026-05-08T07:29:43+00:00
历史基础模块	/mnt/d/MyResearch/MAS_Safety_Project/learning/modules/01_critical_thinking/03_paper_breakdown_guide.md	learning/group-entry/sources/MAS_Safety_Project/learning/modules/01_critical_thinking/03_paper_breakdown_guide.md	6577	2026-07-25T11:15:43+00:00
历史基础模块	/mnt/d/MyResearch/MAS_Safety_Project/learning/modules/01_critical_thinking/04_formula_verification_guide.md	learning/group-entry/sources/MAS_Safety_Project/learning/modules/01_critical_thinking/04_formula_verification_guide.md	5953	2026-07-25T11:15:43+00:00
历史基础模块	/mnt/d/MyResearch/MAS_Safety_Project/learning/modules/02_math_modeling/00_INDEX.md	learning/group-entry/sources/MAS_Safety_Project/learning/modules/02_math_modeling/00_INDEX.md	1594	2026-07-25T11:15:43+00:00
历史基础模块	/mnt/d/MyResearch/MAS_Safety_Project/learning/modules/02_math_modeling/01_overview.md	learning/group-entry/sources/MAS_Safety_Project/learning/modules/02_math_modeling/01_overview.md	3699	2026-05-08T07:29:43+00:00
历史基础模块	/mnt/d/MyResearch/MAS_Safety_Project/learning/modules/02_math_modeling/02_workflow.md	learning/group-entry/sources/MAS_Safety_Project/learning/modules/02_math_modeling/02_workflow.md	6050	2026-05-08T07:29:43+00:00
历史基础模块	/mnt/d/MyResearch/MAS_Safety_Project/learning/modules/02_math_modeling/03_examples/02_utility_function.md	learning/group-entry/sources/MAS_Safety_Project/learning/modules/02_math_modeling/03_examples/02_utility_function.md	862	2026-07-25T11:14:12+00:00
历史基础模块	/mnt/d/MyResearch/MAS_Safety_Project/learning/modules/02_math_modeling/04_practice_tasks.md	learning/group-entry/sources/MAS_Safety_Project/learning/modules/02_math_modeling/04_practice_tasks.md	4909	2026-07-25T11:15:43+00:00
历史基础模块	/mnt/d/MyResearch/MAS_Safety_Project/learning/modules/02_math_modeling/05_reading_guide.md	learning/group-entry/sources/MAS_Safety_Project/learning/modules/02_math_modeling/05_reading_guide.md	4043	2026-05-10T10:11:49+00:00
历史基础模块	/mnt/d/MyResearch/MAS_Safety_Project/learning/modules/03_game_theory/00_INDEX.md	learning/group-entry/sources/MAS_Safety_Project/learning/modules/03_game_theory/00_INDEX.md	2019	2026-07-25T11:15:43+00:00
历史基础模块	/mnt/d/MyResearch/MAS_Safety_Project/learning/modules/03_game_theory/01_overview.md	learning/group-entry/sources/MAS_Safety_Project/learning/modules/03_game_theory/01_overview.md	2702	2026-05-08T07:29:43+00:00
历史基础模块	/mnt/d/MyResearch/MAS_Safety_Project/learning/modules/03_game_theory/02_equilibrium_concepts.md	learning/group-entry/sources/MAS_Safety_Project/learning/modules/03_game_theory/02_equilibrium_concepts.md	8491	2026-05-08T07:29:43+00:00
历史基础模块	/mnt/d/MyResearch/MAS_Safety_Project/learning/modules/03_game_theory/03_paper02_equilibrium.md	learning/group-entry/sources/MAS_Safety_Project/learning/modules/03_game_theory/03_paper02_equilibrium.md	822	2026-07-25T11:14:13+00:00
历史基础模块	/mnt/d/MyResearch/MAS_Safety_Project/learning/modules/03_game_theory/04_paper01_equilibrium.md	learning/group-entry/sources/MAS_Safety_Project/learning/modules/03_game_theory/04_paper01_equilibrium.md	863	2026-07-25T11:14:15+00:00
历史基础模块	/mnt/d/MyResearch/MAS_Safety_Project/learning/modules/03_game_theory/05_mas_application.md	learning/group-entry/sources/MAS_Safety_Project/learning/modules/03_game_theory/05_mas_application.md	1200	2026-07-25T11:14:17+00:00
历史基础模块	/mnt/d/MyResearch/MAS_Safety_Project/learning/modules/03_game_theory/06_practice_tasks.md	learning/group-entry/sources/MAS_Safety_Project/learning/modules/03_game_theory/06_practice_tasks.md	8458	2026-07-25T11:15:43+00:00
历史基础模块	/mnt/d/MyResearch/MAS_Safety_Project/learning/modules/04_literature_review/00_INDEX.md	learning/group-entry/sources/MAS_Safety_Project/learning/modules/04_literature_review/00_INDEX.md	936	2026-05-10T10:12:33+00:00
历史基础模块	/mnt/d/MyResearch/MAS_Safety_Project/learning/modules/04_literature_review/01_overview.md	learning/group-entry/sources/MAS_Safety_Project/learning/modules/04_literature_review/01_overview.md	2019	2026-05-10T10:12:33+00:00
历史基础模块	/mnt/d/MyResearch/MAS_Safety_Project/learning/modules/05_scientific_writing/00_INDEX.md	learning/group-entry/sources/MAS_Safety_Project/learning/modules/05_scientific_writing/00_INDEX.md	1021	2026-07-25T11:15:43+00:00
历史基础模块	/mnt/d/MyResearch/MAS_Safety_Project/learning/modules/05_scientific_writing/01_overview.md	learning/group-entry/sources/MAS_Safety_Project/learning/modules/05_scientific_writing/01_overview.md	2042	2026-05-08T07:29:43+00:00
历史基础模块	/mnt/d/MyResearch/MAS_Safety_Project/learning/modules/06_research_methodology/00_INDEX.md	learning/group-entry/sources/MAS_Safety_Project/learning/modules/06_research_methodology/00_INDEX.md	1382	2026-05-08T07:29:43+00:00
历史基础模块	/mnt/d/MyResearch/MAS_Safety_Project/learning/modules/06_research_methodology/01_overview.md	learning/group-entry/sources/MAS_Safety_Project/learning/modules/06_research_methodology/01_overview.md	2409	2026-05-08T07:29:43+00:00
历史基础模块	/mnt/d/MyResearch/MAS_Safety_Project/learning/modules/06_research_methodology/08_supervisor_signals.md	learning/group-entry/sources/MAS_Safety_Project/learning/modules/06_research_methodology/08_supervisor_signals.md	6524	2026-05-10T10:11:08+00:00
历史基础模块	/mnt/d/MyResearch/MAS_Safety_Project/learning/modules/06_research_methodology/09_practice_supervisor_reading.md	learning/group-entry/sources/MAS_Safety_Project/learning/modules/06_research_methodology/09_practice_supervisor_reading.md	4766	2026-05-08T07:29:43+00:00
历史基础模块	/mnt/d/MyResearch/MAS_Safety_Project/learning/modules/07_training/0101_gap_to_idea.md	learning/group-entry/sources/MAS_Safety_Project/learning/modules/07_training/0101_gap_to_idea.md	2170	2026-07-25T11:15:56+00:00
历史基础模块	/mnt/d/MyResearch/MAS_Safety_Project/learning/modules/07_training/0201_daily_thinking_log.md	learning/group-entry/sources/MAS_Safety_Project/learning/modules/07_training/0201_daily_thinking_log.md	3650	2026-05-10T10:11:08+00:00
历史基础模块	/mnt/d/MyResearch/MAS_Safety_Project/learning/modules/08_thought_extensions/README.md	learning/group-entry/sources/MAS_Safety_Project/learning/modules/08_thought_extensions/README.md	588	2026-07-25T11:14:07+00:00
历史基础模块	/mnt/d/MyResearch/MAS_Safety_Project/learning/modules/09_research_wiki/00_INDEX.md	learning/group-entry/sources/MAS_Safety_Project/learning/modules/09_research_wiki/00_INDEX.md	3800	2026-05-10T10:11:21+00:00
历史基础模块	/mnt/d/MyResearch/MAS_Safety_Project/learning/modules/09_research_wiki/01_papers/paper01_bbp.md	learning/group-entry/sources/MAS_Safety_Project/learning/modules/09_research_wiki/01_papers/paper01_bbp.md	4554	2026-07-25T11:15:43+00:00
历史基础模块	/mnt/d/MyResearch/MAS_Safety_Project/learning/modules/09_research_wiki/01_papers/paper02_loss_aversion.md	learning/group-entry/sources/MAS_Safety_Project/learning/modules/09_research_wiki/01_papers/paper02_loss_aversion.md	5440	2026-07-25T11:15:43+00:00
历史基础模块	/mnt/d/MyResearch/MAS_Safety_Project/learning/modules/09_research_wiki/05_graph/bridge_map.md	learning/group-entry/sources/MAS_Safety_Project/learning/modules/09_research_wiki/05_graph/bridge_map.md	9426	2026-07-25T11:15:43+00:00
历史基础模块	/mnt/d/MyResearch/MAS_Safety_Project/learning/modules/09_research_wiki/05_graph/or_concepts_map.md	learning/group-entry/sources/MAS_Safety_Project/learning/modules/09_research_wiki/05_graph/or_concepts_map.md	5853	2026-07-25T11:15:43+00:00
课程规则与状态快照	/mnt/d/MyResearch/MAS_Safety_Project/learning/training/00_SYSTEM.md	learning/group-entry/sources/MAS_Safety_Project/learning/training/00_SYSTEM.md	8111	2026-08-12T11:50:24+00:00
课程规则与状态快照	/mnt/d/MyResearch/MAS_Safety_Project/learning/training/LEDGER.md	learning/group-entry/sources/MAS_Safety_Project/learning/training/LEDGER.md	1132	2026-08-12T12:56:24+00:00
当前主线	/mnt/d/MyResearch/MAS_Safety_Project/learning/training/lu-edgeim-algo1/BRIEF.md	learning/group-entry/sources/MAS_Safety_Project/learning/training/lu-edgeim-algo1/BRIEF.md	21107	2026-09-15T08:05:17+00:00
当前主线	/mnt/d/MyResearch/MAS_Safety_Project/learning/training/lu-edgeim-algo1/CONNECTIONS.md	learning/group-entry/sources/MAS_Safety_Project/learning/training/lu-edgeim-algo1/CONNECTIONS.md	3119	2026-09-04T23:38:39+00:00
当前主线	/mnt/d/MyResearch/MAS_Safety_Project/learning/training/lu-edgeim-algo1/EX-00/README.md	learning/group-entry/sources/MAS_Safety_Project/learning/training/lu-edgeim-algo1/EX-00/README.md	10971	2026-09-05T01:36:03+00:00
当前主线	/mnt/d/MyResearch/MAS_Safety_Project/learning/training/lu-edgeim-algo1/EX-00/_v0_sol/GRADING.md	learning/group-entry/sources/MAS_Safety_Project/learning/training/lu-edgeim-algo1/EX-00/_v0_sol/GRADING.md	5134	2026-09-03T15:00:08+00:00
当前主线	/mnt/d/MyResearch/MAS_Safety_Project/learning/training/lu-edgeim-algo1/EX-00/_v0_sol/README.md	learning/group-entry/sources/MAS_Safety_Project/learning/training/lu-edgeim-algo1/EX-00/_v0_sol/README.md	25031	2026-09-03T14:29:43+00:00
当前主线	/mnt/d/MyResearch/MAS_Safety_Project/learning/training/lu-edgeim-algo1/EX-00/answer.md	learning/group-entry/sources/MAS_Safety_Project/learning/training/lu-edgeim-algo1/EX-00/answer.md	7942	2026-09-04T14:42:53+00:00
当前主线	/mnt/d/MyResearch/MAS_Safety_Project/learning/training/lu-edgeim-algo1/EX-01/README.md	learning/group-entry/sources/MAS_Safety_Project/learning/training/lu-edgeim-algo1/EX-01/README.md	16879	2026-09-08T13:57:26+00:00
当前主线	/mnt/d/MyResearch/MAS_Safety_Project/learning/training/lu-edgeim-algo1/EX-01/answer_EX_01.md	learning/group-entry/sources/MAS_Safety_Project/learning/training/lu-edgeim-algo1/EX-01/answer_EX_01.md	12906	2026-09-05T09:35:30+00:00
当前主线	/mnt/d/MyResearch/MAS_Safety_Project/learning/training/lu-edgeim-algo1/EX-02/README-ex02.md	learning/group-entry/sources/MAS_Safety_Project/learning/training/lu-edgeim-algo1/EX-02/README-ex02.md	18649	2026-09-11T13:22:19+00:00
当前主线	/mnt/d/MyResearch/MAS_Safety_Project/learning/training/lu-edgeim-algo1/EX-02/ans.md	learning/group-entry/sources/MAS_Safety_Project/learning/training/lu-edgeim-algo1/EX-02/ans.md	11346	2026-09-12T14:14:52+00:00
当前主线	/mnt/d/MyResearch/MAS_Safety_Project/learning/training/lu-edgeim-algo1/EX-02/answer.py	learning/group-entry/sources/MAS_Safety_Project/learning/training/lu-edgeim-algo1/EX-02/answer.py	1894	2026-09-11T12:04:03+00:00
当前主线	/mnt/d/MyResearch/MAS_Safety_Project/learning/training/lu-edgeim-algo1/EX-03/README-EX03.md	learning/group-entry/sources/MAS_Safety_Project/learning/training/lu-edgeim-algo1/EX-03/README-EX03.md	9166	2026-09-12T14:20:00+00:00
当前主线	/mnt/d/MyResearch/MAS_Safety_Project/learning/training/lu-edgeim-algo1/EX-03/answ-ex03.md	learning/group-entry/sources/MAS_Safety_Project/learning/training/lu-edgeim-algo1/EX-03/answ-ex03.md	12326	2026-09-15T14:21:26+00:00
当前主线	/mnt/d/MyResearch/MAS_Safety_Project/learning/training/lu-edgeim-algo1/EX-03/task4.py	learning/group-entry/sources/MAS_Safety_Project/learning/training/lu-edgeim-algo1/EX-03/task4.py	85	2026-09-12T06:11:22+00:00
当前主线	/mnt/d/MyResearch/MAS_Safety_Project/learning/training/lu-edgeim-algo1/EX-05/README-EX04.md	learning/group-entry/sources/MAS_Safety_Project/learning/training/lu-edgeim-algo1/EX-05/README-EX04.md	14351	2026-09-13T14:50:56+00:00
当前主线	/mnt/d/MyResearch/MAS_Safety_Project/learning/training/lu-edgeim-algo1/EX-05/answ-ex04.md	learning/group-entry/sources/MAS_Safety_Project/learning/training/lu-edgeim-algo1/EX-05/answ-ex04.md	6050	2026-09-13T14:50:53+00:00
当前主线	/mnt/d/MyResearch/MAS_Safety_Project/learning/training/lu-edgeim-algo1/EX-05/own.py	learning/group-entry/sources/MAS_Safety_Project/learning/training/lu-edgeim-algo1/EX-05/own.py	3305	2026-09-15T14:21:25+00:00
当前主线	/mnt/d/MyResearch/MAS_Safety_Project/learning/training/lu-edgeim-algo1/EX-05/takeover.md	learning/group-entry/sources/MAS_Safety_Project/learning/training/lu-edgeim-algo1/EX-05/takeover.md	0	2026-09-12T07:46:28+00:00
当前主线	/mnt/d/MyResearch/MAS_Safety_Project/learning/training/lu-edgeim-algo1/EX-05/test_invariants.py	learning/group-entry/sources/MAS_Safety_Project/learning/training/lu-edgeim-algo1/EX-05/test_invariants.py	3231	2026-09-13T09:04:38+00:00
当前主线	/mnt/d/MyResearch/MAS_Safety_Project/learning/training/lu-edgeim-algo1/EX-05a/README-EX05.md	learning/group-entry/sources/MAS_Safety_Project/learning/training/lu-edgeim-algo1/EX-05a/README-EX05.md	6982	2026-09-11T12:06:15+00:00
当前主线	/mnt/d/MyResearch/MAS_Safety_Project/learning/training/lu-edgeim-algo1/EX-05a/algo1.py	learning/group-entry/sources/MAS_Safety_Project/learning/training/lu-edgeim-algo1/EX-05a/algo1.py	1282	2026-09-13T14:50:57+00:00
当前主线	/mnt/d/MyResearch/MAS_Safety_Project/learning/training/lu-edgeim-algo1/EX-05a/ans.md	learning/group-entry/sources/MAS_Safety_Project/learning/training/lu-edgeim-algo1/EX-05a/ans.md	558	2026-09-11T03:11:31+00:00
当前主线	/mnt/d/MyResearch/MAS_Safety_Project/learning/training/lu-edgeim-algo1/EX-05a/retest.py	learning/group-entry/sources/MAS_Safety_Project/learning/training/lu-edgeim-algo1/EX-05a/retest.py	1155	2026-09-12T14:14:53+00:00
当前主线	/mnt/d/MyResearch/MAS_Safety_Project/learning/training/lu-edgeim-algo1/EX-06/README-EX06.md	learning/group-entry/sources/MAS_Safety_Project/learning/training/lu-edgeim-algo1/EX-06/README-EX06.md	10495	2026-09-13T13:11:21+00:00
当前主线	/mnt/d/MyResearch/MAS_Safety_Project/learning/training/lu-edgeim-algo1/EX-06/notes-ex06.md	learning/group-entry/sources/MAS_Safety_Project/learning/training/lu-edgeim-algo1/EX-06/notes-ex06.md	9275	2026-09-17T08:58:55+00:00
当前主线	/mnt/d/MyResearch/MAS_Safety_Project/learning/training/lu-edgeim-algo1/EX-07/README-EX07.md	learning/group-entry/sources/MAS_Safety_Project/learning/training/lu-edgeim-algo1/EX-07/README-EX07.md	9555	2026-09-13T01:12:39+00:00
当前主线	/mnt/d/MyResearch/MAS_Safety_Project/learning/training/lu-edgeim-algo1/FOUR_PAPER_TRAINING_LOOP.md	learning/group-entry/sources/MAS_Safety_Project/learning/training/lu-edgeim-algo1/FOUR_PAPER_TRAINING_LOOP.md	9737	2026-09-06T12:11:30+00:00
当前主线	/mnt/d/MyResearch/MAS_Safety_Project/learning/training/lu-edgeim-algo1/KNOWLEDGE_MAP.md	learning/group-entry/sources/MAS_Safety_Project/learning/training/lu-edgeim-algo1/KNOWLEDGE_MAP.md	13608	2026-09-04T16:39:39+00:00
当前主线	/mnt/d/MyResearch/MAS_Safety_Project/learning/training/lu-edgeim-algo1/MASTERY_GATE.md	learning/group-entry/sources/MAS_Safety_Project/learning/training/lu-edgeim-algo1/MASTERY_GATE.md	17197	2026-09-06T12:18:04+00:00
当前主线	/mnt/d/MyResearch/MAS_Safety_Project/learning/training/lu-edgeim-algo1/MISTAKE_LOG.md	learning/group-entry/sources/MAS_Safety_Project/learning/training/lu-edgeim-algo1/MISTAKE_LOG.md	2170	2026-09-03T12:10:00+00:00
当前主线	/mnt/d/MyResearch/MAS_Safety_Project/learning/training/lu-edgeim-algo1/PAPER_MAP.md	learning/group-entry/sources/MAS_Safety_Project/learning/training/lu-edgeim-algo1/PAPER_MAP.md	11250	2026-09-04T15:40:17+00:00
当前主线	/mnt/d/MyResearch/MAS_Safety_Project/learning/training/lu-edgeim-algo1/RESEARCHER_COMPETENCY_MAP.md	learning/group-entry/sources/MAS_Safety_Project/learning/training/lu-edgeim-algo1/RESEARCHER_COMPETENCY_MAP.md	14163	2026-09-04T16:39:40+00:00
当前主线	/mnt/d/MyResearch/MAS_Safety_Project/learning/training/lu-edgeim-algo1/RESEARCH_IDENTITY_MAP.md	learning/group-entry/sources/MAS_Safety_Project/learning/training/lu-edgeim-algo1/RESEARCH_IDENTITY_MAP.md	5897	2026-09-04T16:39:40+00:00
当前主线	/mnt/d/MyResearch/MAS_Safety_Project/learning/training/lu-edgeim-algo1/RESEARCH_MAPS.md	learning/group-entry/sources/MAS_Safety_Project/learning/training/lu-edgeim-algo1/RESEARCH_MAPS.md	20302	2026-09-13T09:05:02+00:00
当前主线	/mnt/d/MyResearch/MAS_Safety_Project/learning/training/lu-edgeim-algo1/RESEARCH_NOTE_TEMPLATE.md	learning/group-entry/sources/MAS_Safety_Project/learning/training/lu-edgeim-algo1/RESEARCH_NOTE_TEMPLATE.md	13414	2026-09-04T16:46:36+00:00
当前主线	/mnt/d/MyResearch/MAS_Safety_Project/learning/training/lu-edgeim-algo1/RESEARCH_TRAJECTORY_MAP.md	learning/group-entry/sources/MAS_Safety_Project/learning/training/lu-edgeim-algo1/RESEARCH_TRAJECTORY_MAP.md	6400	2026-09-04T16:39:40+00:00
当前主线	/mnt/d/MyResearch/MAS_Safety_Project/learning/training/lu-edgeim-algo1/START_HERE.md	learning/group-entry/sources/MAS_Safety_Project/learning/training/lu-edgeim-algo1/START_HERE.md	9692	2026-09-05T01:35:30+00:00
当前主线	/mnt/d/MyResearch/MAS_Safety_Project/learning/training/lu-edgeim-algo1/ownership-v3/BUILD_STATUS.md	learning/group-entry/sources/MAS_Safety_Project/learning/training/lu-edgeim-algo1/ownership-v3/BUILD_STATUS.md	3209	2026-09-13T10:31:33+00:00
当前主线	/mnt/d/MyResearch/MAS_Safety_Project/learning/training/lu-edgeim-algo1/ownership-v3/EVIDENCE_RECORD_TEMPLATE.md	learning/group-entry/sources/MAS_Safety_Project/learning/training/lu-edgeim-algo1/ownership-v3/EVIDENCE_RECORD_TEMPLATE.md	1155	2026-09-13T09:11:05+00:00
当前主线	/mnt/d/MyResearch/MAS_Safety_Project/learning/training/lu-edgeim-algo1/ownership-v3/RUBRIC_COMMON.md	learning/group-entry/sources/MAS_Safety_Project/learning/training/lu-edgeim-algo1/ownership-v3/RUBRIC_COMMON.md	1660	2026-09-13T09:11:42+00:00
当前主线	/mnt/d/MyResearch/MAS_Safety_Project/learning/training/lu-edgeim-algo1/ownership-v3/SHARED_ARTIFACTS.md	learning/group-entry/sources/MAS_Safety_Project/learning/training/lu-edgeim-algo1/ownership-v3/SHARED_ARTIFACTS.md	3144	2026-09-13T09:11:42+00:00
当前主线	/mnt/d/MyResearch/MAS_Safety_Project/learning/training/lu-edgeim-algo1/ownership-v3/SOURCE_REGISTER.md	learning/group-entry/sources/MAS_Safety_Project/learning/training/lu-edgeim-algo1/ownership-v3/SOURCE_REGISTER.md	3557	2026-09-13T09:58:01+00:00
当前主线	/mnt/d/MyResearch/MAS_Safety_Project/learning/training/lu-edgeim-algo1/ownership-v3/START_HERE.md	learning/group-entry/sources/MAS_Safety_Project/learning/training/lu-edgeim-algo1/ownership-v3/START_HERE.md	3752	2026-09-13T09:11:42+00:00
当前主线	/mnt/d/MyResearch/MAS_Safety_Project/learning/training/lu-edgeim-algo1/ownership-v3/crossedgeim/COVERAGE_MATRIX.md	learning/group-entry/sources/MAS_Safety_Project/learning/training/lu-edgeim-algo1/ownership-v3/crossedgeim/COVERAGE_MATRIX.md	3626	2026-09-13T10:21:42+00:00
当前主线	/mnt/d/MyResearch/MAS_Safety_Project/learning/training/lu-edgeim-algo1/ownership-v3/crossedgeim/P0-P3/BUILD_RECEIPT.md	learning/group-entry/sources/MAS_Safety_Project/learning/training/lu-edgeim-algo1/ownership-v3/crossedgeim/P0-P3/BUILD_RECEIPT.md	1015	2026-09-13T09:52:00+00:00
当前主线	/mnt/d/MyResearch/MAS_Safety_Project/learning/training/lu-edgeim-algo1/ownership-v3/crossedgeim/P0-P3/PRETEST.md	learning/group-entry/sources/MAS_Safety_Project/learning/training/lu-edgeim-algo1/ownership-v3/crossedgeim/P0-P3/PRETEST.md	401	2026-09-13T09:12:32+00:00
当前主线	/mnt/d/MyResearch/MAS_Safety_Project/learning/training/lu-edgeim-algo1/ownership-v3/crossedgeim/P0-P3/README.md	learning/group-entry/sources/MAS_Safety_Project/learning/training/lu-edgeim-algo1/ownership-v3/crossedgeim/P0-P3/README.md	1684	2026-09-13T10:30:20+00:00
当前主线	/mnt/d/MyResearch/MAS_Safety_Project/learning/training/lu-edgeim-algo1/ownership-v3/crossedgeim/P0-P3/RUBRIC.md	learning/group-entry/sources/MAS_Safety_Project/learning/training/lu-edgeim-algo1/ownership-v3/crossedgeim/P0-P3/RUBRIC.md	1014	2026-09-13T09:12:04+00:00
当前主线	/mnt/d/MyResearch/MAS_Safety_Project/learning/training/lu-edgeim-algo1/ownership-v3/crossedgeim/P0-P3/TRAINING_FIXTURE.md	learning/group-entry/sources/MAS_Safety_Project/learning/training/lu-edgeim-algo1/ownership-v3/crossedgeim/P0-P3/TRAINING_FIXTURE.md	924	2026-09-13T08:48:56+00:00
当前主线	/mnt/d/MyResearch/MAS_Safety_Project/learning/training/lu-edgeim-algo1/ownership-v3/edgeim/B-DEFENSE/BUILD_RECEIPT.md	learning/group-entry/sources/MAS_Safety_Project/learning/training/lu-edgeim-algo1/ownership-v3/edgeim/B-DEFENSE/BUILD_RECEIPT.md	843	2026-09-13T09:52:00+00:00
当前主线	/mnt/d/MyResearch/MAS_Safety_Project/learning/training/lu-edgeim-algo1/ownership-v3/edgeim/B-DEFENSE/PRETEST.md	learning/group-entry/sources/MAS_Safety_Project/learning/training/lu-edgeim-algo1/ownership-v3/edgeim/B-DEFENSE/PRETEST.md	326	2026-09-13T09:12:32+00:00
当前主线	/mnt/d/MyResearch/MAS_Safety_Project/learning/training/lu-edgeim-algo1/ownership-v3/edgeim/B-DEFENSE/README.md	learning/group-entry/sources/MAS_Safety_Project/learning/training/lu-edgeim-algo1/ownership-v3/edgeim/B-DEFENSE/README.md	1059	2026-09-13T10:30:19+00:00
当前主线	/mnt/d/MyResearch/MAS_Safety_Project/learning/training/lu-edgeim-algo1/ownership-v3/edgeim/B-DEFENSE/RUBRIC.md	learning/group-entry/sources/MAS_Safety_Project/learning/training/lu-edgeim-algo1/ownership-v3/edgeim/B-DEFENSE/RUBRIC.md	836	2026-09-13T09:12:04+00:00
当前主线	/mnt/d/MyResearch/MAS_Safety_Project/learning/training/lu-edgeim-algo1/ownership-v3/edgeim/B-DEFENSE/TRAINING_FIXTURE.md	learning/group-entry/sources/MAS_Safety_Project/learning/training/lu-edgeim-algo1/ownership-v3/edgeim/B-DEFENSE/TRAINING_FIXTURE.md	762	2026-09-13T09:12:04+00:00
当前主线	/mnt/d/MyResearch/MAS_Safety_Project/learning/training/lu-edgeim-algo1/ownership-v3/edgeim/B-EVAL/BUILD_RECEIPT.md	learning/group-entry/sources/MAS_Safety_Project/learning/training/lu-edgeim-algo1/ownership-v3/edgeim/B-EVAL/BUILD_RECEIPT.md	871	2026-09-13T09:52:00+00:00
当前主线	/mnt/d/MyResearch/MAS_Safety_Project/learning/training/lu-edgeim-algo1/ownership-v3/edgeim/B-EVAL/PRETEST.md	learning/group-entry/sources/MAS_Safety_Project/learning/training/lu-edgeim-algo1/ownership-v3/edgeim/B-EVAL/PRETEST.md	406	2026-09-13T09:12:32+00:00
当前主线	/mnt/d/MyResearch/MAS_Safety_Project/learning/training/lu-edgeim-algo1/ownership-v3/edgeim/B-EVAL/README.md	learning/group-entry/sources/MAS_Safety_Project/learning/training/lu-edgeim-algo1/ownership-v3/edgeim/B-EVAL/README.md	1249	2026-09-13T10:30:19+00:00
当前主线	/mnt/d/MyResearch/MAS_Safety_Project/learning/training/lu-edgeim-algo1/ownership-v3/edgeim/B-EVAL/RUBRIC.md	learning/group-entry/sources/MAS_Safety_Project/learning/training/lu-edgeim-algo1/ownership-v3/edgeim/B-EVAL/RUBRIC.md	2762	2026-09-13T10:17:12+00:00
当前主线	/mnt/d/MyResearch/MAS_Safety_Project/learning/training/lu-edgeim-algo1/ownership-v3/edgeim/B-EVAL/TRAINING_FIXTURE.md	learning/group-entry/sources/MAS_Safety_Project/learning/training/lu-edgeim-algo1/ownership-v3/edgeim/B-EVAL/TRAINING_FIXTURE.md	822	2026-09-13T10:17:12+00:00
当前主线	/mnt/d/MyResearch/MAS_Safety_Project/learning/training/lu-edgeim-algo1/ownership-v3/edgeim/B-S2/BUILD_RECEIPT.md	learning/group-entry/sources/MAS_Safety_Project/learning/training/lu-edgeim-algo1/ownership-v3/edgeim/B-S2/BUILD_RECEIPT.md	685	2026-09-13T09:58:01+00:00
当前主线	/mnt/d/MyResearch/MAS_Safety_Project/learning/training/lu-edgeim-algo1/ownership-v3/edgeim/B-S2/PRETEST.md	learning/group-entry/sources/MAS_Safety_Project/learning/training/lu-edgeim-algo1/ownership-v3/edgeim/B-S2/PRETEST.md	472	2026-09-13T09:12:32+00:00
当前主线	/mnt/d/MyResearch/MAS_Safety_Project/learning/training/lu-edgeim-algo1/ownership-v3/edgeim/B-S2/README.md	learning/group-entry/sources/MAS_Safety_Project/learning/training/lu-edgeim-algo1/ownership-v3/edgeim/B-S2/README.md	1691	2026-09-13T10:30:19+00:00
当前主线	/mnt/d/MyResearch/MAS_Safety_Project/learning/training/lu-edgeim-algo1/ownership-v3/edgeim/B-S2/RUBRIC.md	learning/group-entry/sources/MAS_Safety_Project/learning/training/lu-edgeim-algo1/ownership-v3/edgeim/B-S2/RUBRIC.md	912	2026-09-13T08:45:39+00:00
当前主线	/mnt/d/MyResearch/MAS_Safety_Project/learning/training/lu-edgeim-algo1/ownership-v3/edgeim/B-S2/TRAINING_FIXTURE.md	learning/group-entry/sources/MAS_Safety_Project/learning/training/lu-edgeim-algo1/ownership-v3/edgeim/B-S2/TRAINING_FIXTURE.md	784	2026-09-13T08:45:39+00:00
当前主线	/mnt/d/MyResearch/MAS_Safety_Project/learning/training/lu-edgeim-algo1/ownership-v3/edgeim/B-S3A/BUILD_RECEIPT.md	learning/group-entry/sources/MAS_Safety_Project/learning/training/lu-edgeim-algo1/ownership-v3/edgeim/B-S3A/BUILD_RECEIPT.md	782	2026-09-13T09:52:00+00:00
当前主线	/mnt/d/MyResearch/MAS_Safety_Project/learning/training/lu-edgeim-algo1/ownership-v3/edgeim/B-S3A/PRETEST.md	learning/group-entry/sources/MAS_Safety_Project/learning/training/lu-edgeim-algo1/ownership-v3/edgeim/B-S3A/PRETEST.md	325	2026-09-13T09:12:32+00:00
当前主线	/mnt/d/MyResearch/MAS_Safety_Project/learning/training/lu-edgeim-algo1/ownership-v3/edgeim/B-S3A/README.md	learning/group-entry/sources/MAS_Safety_Project/learning/training/lu-edgeim-algo1/ownership-v3/edgeim/B-S3A/README.md	1179	2026-09-13T10:30:19+00:00
当前主线	/mnt/d/MyResearch/MAS_Safety_Project/learning/training/lu-edgeim-algo1/ownership-v3/edgeim/B-S3A/RUBRIC.md	learning/group-entry/sources/MAS_Safety_Project/learning/training/lu-edgeim-algo1/ownership-v3/edgeim/B-S3A/RUBRIC.md	686	2026-09-13T08:45:39+00:00
当前主线	/mnt/d/MyResearch/MAS_Safety_Project/learning/training/lu-edgeim-algo1/ownership-v3/edgeim/B-S3A/TRAINING_FIXTURE.md	learning/group-entry/sources/MAS_Safety_Project/learning/training/lu-edgeim-algo1/ownership-v3/edgeim/B-S3A/TRAINING_FIXTURE.md	580	2026-09-13T08:45:39+00:00
当前主线	/mnt/d/MyResearch/MAS_Safety_Project/learning/training/lu-edgeim-algo1/ownership-v3/edgeim/B-S3B/BUILD_RECEIPT.md	learning/group-entry/sources/MAS_Safety_Project/learning/training/lu-edgeim-algo1/ownership-v3/edgeim/B-S3B/BUILD_RECEIPT.md	933	2026-09-13T09:52:00+00:00
当前主线	/mnt/d/MyResearch/MAS_Safety_Project/learning/training/lu-edgeim-algo1/ownership-v3/edgeim/B-S3B/PRETEST.md	learning/group-entry/sources/MAS_Safety_Project/learning/training/lu-edgeim-algo1/ownership-v3/edgeim/B-S3B/PRETEST.md	396	2026-09-13T09:12:32+00:00
当前主线	/mnt/d/MyResearch/MAS_Safety_Project/learning/training/lu-edgeim-algo1/ownership-v3/edgeim/B-S3B/README.md	learning/group-entry/sources/MAS_Safety_Project/learning/training/lu-edgeim-algo1/ownership-v3/edgeim/B-S3B/README.md	1421	2026-09-13T10:30:19+00:00
当前主线	/mnt/d/MyResearch/MAS_Safety_Project/learning/training/lu-edgeim-algo1/ownership-v3/edgeim/B-S3B/RUBRIC.md	learning/group-entry/sources/MAS_Safety_Project/learning/training/lu-edgeim-algo1/ownership-v3/edgeim/B-S3B/RUBRIC.md	807	2026-09-13T08:45:39+00:00
当前主线	/mnt/d/MyResearch/MAS_Safety_Project/learning/training/lu-edgeim-algo1/ownership-v3/edgeim/B-S3B/TRAINING_FIXTURE.md	learning/group-entry/sources/MAS_Safety_Project/learning/training/lu-edgeim-algo1/ownership-v3/edgeim/B-S3B/TRAINING_FIXTURE.md	817	2026-09-13T09:12:04+00:00
当前主线	/mnt/d/MyResearch/MAS_Safety_Project/learning/training/lu-edgeim-algo1/ownership-v3/edgeim/COVERAGE_MATRIX.md	learning/group-entry/sources/MAS_Safety_Project/learning/training/lu-edgeim-algo1/ownership-v3/edgeim/COVERAGE_MATRIX.md	4757	2026-09-13T10:18:16+00:00
当前主线	/mnt/d/MyResearch/MAS_Safety_Project/learning/training/lu-edgeim-algo1/ownership-v3/ground-truth/COVERAGE_MATRIX.md	learning/group-entry/sources/MAS_Safety_Project/learning/training/lu-edgeim-algo1/ownership-v3/ground-truth/COVERAGE_MATRIX.md	3788	2026-09-13T10:20:41+00:00
当前主线	/mnt/d/MyResearch/MAS_Safety_Project/learning/training/lu-edgeim-algo1/ownership-v3/ground-truth/P0-P3/BUILD_RECEIPT.md	learning/group-entry/sources/MAS_Safety_Project/learning/training/lu-edgeim-algo1/ownership-v3/ground-truth/P0-P3/BUILD_RECEIPT.md	942	2026-09-13T09:52:00+00:00
当前主线	/mnt/d/MyResearch/MAS_Safety_Project/learning/training/lu-edgeim-algo1/ownership-v3/ground-truth/P0-P3/PRETEST.md	learning/group-entry/sources/MAS_Safety_Project/learning/training/lu-edgeim-algo1/ownership-v3/ground-truth/P0-P3/PRETEST.md	377	2026-09-13T09:12:32+00:00
当前主线	/mnt/d/MyResearch/MAS_Safety_Project/learning/training/lu-edgeim-algo1/ownership-v3/ground-truth/P0-P3/README.md	learning/group-entry/sources/MAS_Safety_Project/learning/training/lu-edgeim-algo1/ownership-v3/ground-truth/P0-P3/README.md	1522	2026-09-13T10:30:20+00:00
当前主线	/mnt/d/MyResearch/MAS_Safety_Project/learning/training/lu-edgeim-algo1/ownership-v3/ground-truth/P0-P3/RUBRIC.md	learning/group-entry/sources/MAS_Safety_Project/learning/training/lu-edgeim-algo1/ownership-v3/ground-truth/P0-P3/RUBRIC.md	969	2026-09-13T09:12:04+00:00
当前主线	/mnt/d/MyResearch/MAS_Safety_Project/learning/training/lu-edgeim-algo1/ownership-v3/ground-truth/P0-P3/TRAINING_FIXTURE.md	learning/group-entry/sources/MAS_Safety_Project/learning/training/lu-edgeim-algo1/ownership-v3/ground-truth/P0-P3/TRAINING_FIXTURE.md	1102	2026-09-13T09:20:39+00:00
当前主线	/mnt/d/MyResearch/MAS_Safety_Project/learning/training/lu-edgeim-algo1/ownership-v3/sigrank/COVERAGE_MATRIX.md	learning/group-entry/sources/MAS_Safety_Project/learning/training/lu-edgeim-algo1/ownership-v3/sigrank/COVERAGE_MATRIX.md	3366	2026-09-13T10:19:11+00:00
当前主线	/mnt/d/MyResearch/MAS_Safety_Project/learning/training/lu-edgeim-algo1/ownership-v3/sigrank/P0-P3/BUILD_RECEIPT.md	learning/group-entry/sources/MAS_Safety_Project/learning/training/lu-edgeim-algo1/ownership-v3/sigrank/P0-P3/BUILD_RECEIPT.md	966	2026-09-13T09:52:00+00:00
当前主线	/mnt/d/MyResearch/MAS_Safety_Project/learning/training/lu-edgeim-algo1/ownership-v3/sigrank/P0-P3/PRETEST.md	learning/group-entry/sources/MAS_Safety_Project/learning/training/lu-edgeim-algo1/ownership-v3/sigrank/P0-P3/PRETEST.md	418	2026-09-13T09:12:32+00:00
当前主线	/mnt/d/MyResearch/MAS_Safety_Project/learning/training/lu-edgeim-algo1/ownership-v3/sigrank/P0-P3/README.md	learning/group-entry/sources/MAS_Safety_Project/learning/training/lu-edgeim-algo1/ownership-v3/sigrank/P0-P3/README.md	2076	2026-09-13T10:30:19+00:00
当前主线	/mnt/d/MyResearch/MAS_Safety_Project/learning/training/lu-edgeim-algo1/ownership-v3/sigrank/P0-P3/RUBRIC.md	learning/group-entry/sources/MAS_Safety_Project/learning/training/lu-edgeim-algo1/ownership-v3/sigrank/P0-P3/RUBRIC.md	1016	2026-09-13T09:12:04+00:00
当前主线	/mnt/d/MyResearch/MAS_Safety_Project/learning/training/lu-edgeim-algo1/ownership-v3/sigrank/P0-P3/TRAINING_FIXTURE.md	learning/group-entry/sources/MAS_Safety_Project/learning/training/lu-edgeim-algo1/ownership-v3/sigrank/P0-P3/TRAINING_FIXTURE.md	847	2026-09-13T08:48:56+00:00
专项训练	/mnt/d/MyResearch/MAS_Safety_Project/learning/training/ra26-evoagent-toy/BRIEF.md	learning/group-entry/sources/MAS_Safety_Project/learning/training/ra26-evoagent-toy/BRIEF.md	8561	2026-08-12T11:34:53+00:00
专项训练	/mnt/d/MyResearch/MAS_Safety_Project/learning/training/ra26-evoagent-toy/KICKOFF.md	learning/group-entry/sources/MAS_Safety_Project/learning/training/ra26-evoagent-toy/KICKOFF.md	2421	2026-08-12T11:53:56+00:00
专项训练	/mnt/d/MyResearch/MAS_Safety_Project/learning/training/ra26-evoagent-toy/REVERSE_TRAINING.md	learning/group-entry/sources/MAS_Safety_Project/learning/training/ra26-evoagent-toy/REVERSE_TRAINING.md	2931	2026-08-12T13:08:15+00:00
专项训练	/mnt/d/MyResearch/MAS_Safety_Project/learning/training/ra2716-survey/BRIEF.md	learning/group-entry/sources/MAS_Safety_Project/learning/training/ra2716-survey/BRIEF.md	10511	2026-09-04T22:44:07+00:00
专项训练	/mnt/d/MyResearch/MAS_Safety_Project/learning/training/ra2716-survey/EX-01/EX-01_鲁法明画像v0.md	learning/group-entry/sources/MAS_Safety_Project/learning/training/ra2716-survey/EX-01/EX-01_鲁法明画像v0.md	1114	2026-08-12T12:51:16+00:00
专项训练	/mnt/d/MyResearch/MAS_Safety_Project/learning/training/ra2716-survey/KICKOFF.md	learning/group-entry/sources/MAS_Safety_Project/learning/training/ra2716-survey/KICKOFF.md	2854	2026-08-12T11:54:02+00:00
专项训练	/mnt/d/MyResearch/MAS_Safety_Project/learning/training/ra28-mindbridge/BRIEF.md	learning/group-entry/sources/MAS_Safety_Project/learning/training/ra28-mindbridge/BRIEF.md	10556	2026-08-12T11:33:29+00:00
专项训练	/mnt/d/MyResearch/MAS_Safety_Project/learning/training/ra28-mindbridge/EX-03/symptom-1.md	learning/group-entry/sources/MAS_Safety_Project/learning/training/ra28-mindbridge/EX-03/symptom-1.md	1899	2026-08-12T13:04:31+00:00
专项训练	/mnt/d/MyResearch/MAS_Safety_Project/learning/training/ra28-mindbridge/EX-03/symptom-2.md	learning/group-entry/sources/MAS_Safety_Project/learning/training/ra28-mindbridge/EX-03/symptom-2.md	3433	2026-08-12T13:05:23+00:00
专项训练	/mnt/d/MyResearch/MAS_Safety_Project/learning/training/ra28-mindbridge/EX-03/symptom-3.md	learning/group-entry/sources/MAS_Safety_Project/learning/training/ra28-mindbridge/EX-03/symptom-3.md	2167	2026-08-12T13:05:36+00:00
专项训练	/mnt/d/MyResearch/MAS_Safety_Project/learning/training/ra28-mindbridge/EX-05/format_design.md	learning/group-entry/sources/MAS_Safety_Project/learning/training/ra28-mindbridge/EX-05/format_design.md	6446	2026-08-23T09:09:41+00:00
专项训练	/mnt/d/MyResearch/MAS_Safety_Project/learning/training/ra28-mindbridge/EX-05/logs/scenario-chat.jsonl	learning/group-entry/sources/MAS_Safety_Project/learning/training/ra28-mindbridge/EX-05/logs/scenario-chat.jsonl	25326	2026-08-12T13:06:26+00:00
专项训练	/mnt/d/MyResearch/MAS_Safety_Project/learning/training/ra28-mindbridge/EX-05/logs/scenario-consult.jsonl	learning/group-entry/sources/MAS_Safety_Project/learning/training/ra28-mindbridge/EX-05/logs/scenario-consult.jsonl	29607	2026-08-12T13:06:26+00:00
专项训练	/mnt/d/MyResearch/MAS_Safety_Project/learning/training/ra28-mindbridge/EX-05/logs/scenario-risk.jsonl	learning/group-entry/sources/MAS_Safety_Project/learning/training/ra28-mindbridge/EX-05/logs/scenario-risk.jsonl	28701	2026-08-12T13:06:26+00:00
专项训练	/mnt/d/MyResearch/MAS_Safety_Project/learning/training/ra28-mindbridge/KICKOFF.md	learning/group-entry/sources/MAS_Safety_Project/learning/training/ra28-mindbridge/KICKOFF.md	3000	2026-08-12T11:53:54+00:00
专项训练	/mnt/d/MyResearch/MAS_Safety_Project/learning/training/ra28-mindbridge/OPERATIONS.md	learning/group-entry/sources/MAS_Safety_Project/learning/training/ra28-mindbridge/OPERATIONS.md	9756	2026-08-12T13:27:40+00:00
专项训练	/mnt/d/MyResearch/MAS_Safety_Project/learning/training/ra30-memory-formal/BRIEF.md	learning/group-entry/sources/MAS_Safety_Project/learning/training/ra30-memory-formal/BRIEF.md	9464	2026-08-23T09:09:41+00:00
专项训练	/mnt/d/MyResearch/MAS_Safety_Project/learning/training/ra30-memory-formal/KICKOFF.md	learning/group-entry/sources/MAS_Safety_Project/learning/training/ra30-memory-formal/KICKOFF.md	3417	2026-08-23T09:09:41+00:00
专项训练	/mnt/d/MyResearch/MAS_Safety_Project/learning/training/ra30-memory-formal/PN_BASICS_通用教学材料.md	learning/group-entry/sources/MAS_Safety_Project/learning/training/ra30-memory-formal/PN_BASICS_通用教学材料.md	4842	2026-08-12T12:54:46+00:00
专项训练	/mnt/d/MyResearch/MAS_Safety_Project/learning/training/ra30-memory-formal/USER_GUIDE.md	learning/group-entry/sources/MAS_Safety_Project/learning/training/ra30-memory-formal/USER_GUIDE.md	5481	2026-08-23T09:09:41+00:00
课程规则与状态快照	/mnt/d/MyResearch/MAS_Safety_Project/progress/decisions/2026-09-05__research__lu-learning-lineage-transfer-plan-delta.md	learning/group-entry/sources/MAS_Safety_Project/progress/decisions/2026-09-05__research__lu-learning-lineage-transfer-plan-delta.md	11650	2026-09-04T23:38:39+00:00
课程规则与状态快照	/mnt/d/MyResearch/MAS_Safety_Project/progress/decisions/2026-09-13__research__four-paper-full-ownership-v3-sol-execution-contract.md	learning/group-entry/sources/MAS_Safety_Project/progress/decisions/2026-09-13__research__four-paper-full-ownership-v3-sol-execution-contract.md	23186	2026-09-13T07:23:08+00:00
课程规则与状态快照	/mnt/d/MyResearch/MAS_Safety_Project/progress/handoff/2026-08-14__teaching-prefab-batch/README.md	learning/group-entry/sources/MAS_Safety_Project/progress/handoff/2026-08-14__teaching-prefab-batch/README.md	5716	2026-08-22T02:33:45+00:00
课程规则与状态快照	/mnt/d/MyResearch/MAS_Safety_Project/progress/handoff/2026-08-14__teaching-prefab-batch/USER_GUIDE.md	learning/group-entry/sources/MAS_Safety_Project/progress/handoff/2026-08-14__teaching-prefab-batch/USER_GUIDE.md	3557	2026-08-13T20:34:26+00:00
课程规则与状态快照	/mnt/d/MyResearch/MAS_Safety_Project/progress/handoff/2026-09-15__ownership-v3-three-gaps-remediation__handoff.md	learning/group-entry/sources/MAS_Safety_Project/progress/handoff/2026-09-15__ownership-v3-three-gaps-remediation__handoff.md	17957	2026-09-15T09:44:45+00:00
课程规则与状态快照	/mnt/d/MyResearch/MAS_Safety_Project/progress/projects/jinzu-sprint.md	learning/group-entry/sources/MAS_Safety_Project/progress/projects/jinzu-sprint.md	6829	2026-09-17T07:20:55+00:00
课程规则与状态快照	/mnt/d/MyResearch/MAS_Safety_Project/progress/projects/teaching-prefab.md	learning/group-entry/sources/MAS_Safety_Project/progress/projects/teaching-prefab.md	2855	2026-08-26T11:20:24+00:00
课程规则与状态快照	/mnt/d/MyResearch/MAS_Safety_Project/progress/task_logs/2026/09/2026-09-17__research__jinzu-extension-master-contract-and-wave0.md	learning/group-entry/sources/MAS_Safety_Project/progress/task_logs/2026/09/2026-09-17__research__jinzu-extension-master-contract-and-wave0.md	2835	2026-09-17T08:33:43+00:00
论文原文	/mnt/d/MyResearch/MAS_Safety_Project/research/papers_lu/CrossEdgeIM-2026-IoTMag.pdf	learning/group-entry/sources/MAS_Safety_Project/research/papers_lu/CrossEdgeIM-2026-IoTMag.pdf	1246924	2026-09-03T09:50:51+00:00
论文原文	/mnt/d/MyResearch/MAS_Safety_Project/research/papers_lu/Deadlock-2024-IEEEAccess.pdf	learning/group-entry/sources/MAS_Safety_Project/research/papers_lu/Deadlock-2024-IEEEAccess.pdf	2372808	2026-08-12T13:14:22+00:00
论文原文	/mnt/d/MyResearch/MAS_Safety_Project/research/papers_lu/DeadlockLockSegGraph-2021-JOS.pdf	learning/group-entry/sources/MAS_Safety_Project/research/papers_lu/DeadlockLockSegGraph-2021-JOS.pdf	2097761	2026-09-08T07:24:16+00:00
论文原文	/mnt/d/MyResearch/MAS_Safety_Project/research/papers_lu/DeadlockSeg-2026-TST.pdf	learning/group-entry/sources/MAS_Safety_Project/research/papers_lu/DeadlockSeg-2026-TST.pdf	2346619	2026-08-12T13:14:47+00:00
论文原文	/mnt/d/MyResearch/MAS_Safety_Project/research/papers_lu/EdgeIM-2025-ICWS.pdf	learning/group-entry/sources/MAS_Safety_Project/research/papers_lu/EdgeIM-2025-ICWS.pdf	1757907	2026-08-15T10:05:10+00:00
论文原文	/mnt/d/MyResearch/MAS_Safety_Project/research/papers_lu/MHP-Seg-2025-CCPE.pdf	learning/group-entry/sources/MAS_Safety_Project/research/papers_lu/MHP-Seg-2025-CCPE.pdf	1630325	2026-08-15T10:05:10+00:00
论文原文	/mnt/d/MyResearch/MAS_Safety_Project/research/papers_lu/SBPN-2024-InfSci.pdf	learning/group-entry/sources/MAS_Safety_Project/research/papers_lu/SBPN-2024-InfSci.pdf	5868375	2026-08-15T10:05:10+00:00
论文原文	/mnt/d/MyResearch/MAS_Safety_Project/research/papers_lu/SBTPN-2026-JAS-supplementary.pdf	learning/group-entry/sources/MAS_Safety_Project/research/papers_lu/SBTPN-2026-JAS-supplementary.pdf	2823531	2026-08-12T13:19:55+00:00
论文原文	/mnt/d/MyResearch/MAS_Safety_Project/research/papers_lu/SBTPN-2026-JAS.pdf	learning/group-entry/sources/MAS_Safety_Project/research/papers_lu/SBTPN-2026-JAS.pdf	4245409	2026-08-12T13:18:20+00:00
论文原文	/mnt/d/MyResearch/MAS_Safety_Project/research/papers_lu/Sommers-2025-ProcessScience.pdf	learning/group-entry/sources/MAS_Safety_Project/research/papers_lu/Sommers-2025-ProcessScience.pdf	3939065	2026-09-03T09:50:52+00:00
论文原文	/mnt/d/MyResearch/MAS_Safety_Project/research/papers_lu/UAF-PN-VFG-2025-IEEEAccess.pdf	learning/group-entry/sources/MAS_Safety_Project/research/papers_lu/UAF-PN-VFG-2025-IEEEAccess.pdf	1527852	2026-08-12T13:16:38+00:00
论文原文	/mnt/d/MyResearch/MAS_Safety_Project/research/papers_lu/sigRank-2026-TSC.pdf	learning/group-entry/sources/MAS_Safety_Project/research/papers_lu/sigRank-2026-TSC.pdf	4405029	2026-09-03T09:50:51+00:00
四论文来源导航	/mnt/d/MyResearch/MAS_Safety_Project/research/papers_lu/teardown-bridge-20260904/10_SIGRANK.md	learning/group-entry/sources/MAS_Safety_Project/research/papers_lu/teardown-bridge-20260904/10_SIGRANK.md	61850	2026-09-03T18:47:54+00:00
四论文来源导航	/mnt/d/MyResearch/MAS_Safety_Project/research/papers_lu/teardown-bridge-20260904/10_SIGRANK_p1.md	learning/group-entry/sources/MAS_Safety_Project/research/papers_lu/teardown-bridge-20260904/10_SIGRANK_p1.md	26311	2026-09-03T17:26:11+00:00
四论文来源导航	/mnt/d/MyResearch/MAS_Safety_Project/research/papers_lu/teardown-bridge-20260904/10_SIGRANK_p2.md	learning/group-entry/sources/MAS_Safety_Project/research/papers_lu/teardown-bridge-20260904/10_SIGRANK_p2.md	16070	2026-09-03T18:26:08+00:00
四论文来源导航	/mnt/d/MyResearch/MAS_Safety_Project/research/papers_lu/teardown-bridge-20260904/10_SIGRANK_p2_tables.md	learning/group-entry/sources/MAS_Safety_Project/research/papers_lu/teardown-bridge-20260904/10_SIGRANK_p2_tables.md	17906	2026-09-03T18:37:49+00:00
四论文来源导航	/mnt/d/MyResearch/MAS_Safety_Project/research/papers_lu/teardown-bridge-20260904/10b_SIGRANK_kg_critique.md	learning/group-entry/sources/MAS_Safety_Project/research/papers_lu/teardown-bridge-20260904/10b_SIGRANK_kg_critique.md	27519	2026-09-03T18:54:56+00:00
四论文来源导航	/mnt/d/MyResearch/MAS_Safety_Project/research/papers_lu/teardown-bridge-20260904/11_CROSSEDGEIM.md	learning/group-entry/sources/MAS_Safety_Project/research/papers_lu/teardown-bridge-20260904/11_CROSSEDGEIM.md	21131	2026-09-03T19:45:33+00:00
四论文来源导航	/mnt/d/MyResearch/MAS_Safety_Project/research/papers_lu/teardown-bridge-20260904/11b_CROSSEDGEIM_kg_critique.md	learning/group-entry/sources/MAS_Safety_Project/research/papers_lu/teardown-bridge-20260904/11b_CROSSEDGEIM_kg_critique.md	18053	2026-09-03T20:08:03+00:00
四论文来源导航	/mnt/d/MyResearch/MAS_Safety_Project/research/papers_lu/teardown-bridge-20260904/12_SOMMERS.md	learning/group-entry/sources/MAS_Safety_Project/research/papers_lu/teardown-bridge-20260904/12_SOMMERS.md	56278	2026-09-03T21:11:01+00:00
四论文来源导航	/mnt/d/MyResearch/MAS_Safety_Project/research/papers_lu/teardown-bridge-20260904/12_SOMMERS_p1.md	learning/group-entry/sources/MAS_Safety_Project/research/papers_lu/teardown-bridge-20260904/12_SOMMERS_p1.md	28885	2026-09-03T19:12:43+00:00
四论文来源导航	/mnt/d/MyResearch/MAS_Safety_Project/research/papers_lu/teardown-bridge-20260904/12_SOMMERS_p2.md	learning/group-entry/sources/MAS_Safety_Project/research/papers_lu/teardown-bridge-20260904/12_SOMMERS_p2.md	25214	2026-09-03T20:57:45+00:00
四论文来源导航	/mnt/d/MyResearch/MAS_Safety_Project/research/papers_lu/teardown-bridge-20260904/12b_SOMMERS_kg_critique.md	learning/group-entry/sources/MAS_Safety_Project/research/papers_lu/teardown-bridge-20260904/12b_SOMMERS_kg_critique.md	26416	2026-09-03T21:01:44+00:00
四论文来源导航	/mnt/d/MyResearch/MAS_Safety_Project/research/papers_lu/teardown-bridge-20260904/13_BRIDGE_SYNTHESIS_20260904.md	learning/group-entry/sources/MAS_Safety_Project/research/papers_lu/teardown-bridge-20260904/13_BRIDGE_SYNTHESIS_20260904.md	22853	2026-09-03T21:34:02+00:00
四论文来源导航	/mnt/d/MyResearch/MAS_Safety_Project/research/papers_lu/teardown-bridge-20260904/14_VISUAL_READINGS_20260904.md	learning/group-entry/sources/MAS_Safety_Project/research/papers_lu/teardown-bridge-20260904/14_VISUAL_READINGS_20260904.md	4702	2026-09-04T00:14:21+00:00
四论文来源导航	/mnt/d/MyResearch/MAS_Safety_Project/research/papers_lu/teardown-bridge-20260904/MANIFEST_ADDENDUM_20260904.md	learning/group-entry/sources/MAS_Safety_Project/research/papers_lu/teardown-bridge-20260904/MANIFEST_ADDENDUM_20260904.md	3259	2026-09-03T17:20:49+00:00
待学备课与历史论文导航	/mnt/d/MyResearch/MAS_Safety_Project/research/papers_lu/teardown-joint-20260813/01_SBTPN.md	learning/group-entry/sources/MAS_Safety_Project/research/papers_lu/teardown-joint-20260813/01_SBTPN.md	12536	2026-08-23T18:55:36+00:00
待学备课与历史论文导航	/mnt/d/MyResearch/MAS_Safety_Project/research/papers_lu/teardown-joint-20260813/01b_SBTPN_sixpoint_kg_critique.md	learning/group-entry/sources/MAS_Safety_Project/research/papers_lu/teardown-joint-20260813/01b_SBTPN_sixpoint_kg_critique.md	53123	2026-08-21T19:57:06+00:00
待学备课与历史论文导航	/mnt/d/MyResearch/MAS_Safety_Project/research/papers_lu/teardown-joint-20260813/02_DEADLOCK_PNULOCK.md	learning/group-entry/sources/MAS_Safety_Project/research/papers_lu/teardown-joint-20260813/02_DEADLOCK_PNULOCK.md	9870	2026-08-23T18:55:39+00:00
待学备课与历史论文导航	/mnt/d/MyResearch/MAS_Safety_Project/research/papers_lu/teardown-joint-20260813/02b_PNULOCK_sixpoint_kg_critique.md	learning/group-entry/sources/MAS_Safety_Project/research/papers_lu/teardown-joint-20260813/02b_PNULOCK_sixpoint_kg_critique.md	47294	2026-08-24T02:24:31+00:00
待学备课与历史论文导航	/mnt/d/MyResearch/MAS_Safety_Project/research/papers_lu/teardown-joint-20260813/03_UAF_PN_VFG.md	learning/group-entry/sources/MAS_Safety_Project/research/papers_lu/teardown-joint-20260813/03_UAF_PN_VFG.md	8930	2026-08-23T18:55:43+00:00
待学备课与历史论文导航	/mnt/d/MyResearch/MAS_Safety_Project/research/papers_lu/teardown-joint-20260813/03b_UAF_sixpoint_kg_critique.md	learning/group-entry/sources/MAS_Safety_Project/research/papers_lu/teardown-joint-20260813/03b_UAF_sixpoint_kg_critique.md	42934	2026-08-15T15:32:11+00:00
待学备课与历史论文导航	/mnt/d/MyResearch/MAS_Safety_Project/research/papers_lu/teardown-joint-20260813/04_DEADLOCKSEG_SEGLOCK.md	learning/group-entry/sources/MAS_Safety_Project/research/papers_lu/teardown-joint-20260813/04_DEADLOCKSEG_SEGLOCK.md	11071	2026-08-24T02:23:47+00:00
待学备课与历史论文导航	/mnt/d/MyResearch/MAS_Safety_Project/research/papers_lu/teardown-joint-20260813/04b_SEGLOCK_sixpoint_kg_critique.md	learning/group-entry/sources/MAS_Safety_Project/research/papers_lu/teardown-joint-20260813/04b_SEGLOCK_sixpoint_kg_critique.md	36529	2026-08-23T18:34:07+00:00
待学备课与历史论文导航	/mnt/d/MyResearch/MAS_Safety_Project/research/papers_lu/teardown-joint-20260813/05_FAMILY_SYNTHESIS.md	learning/group-entry/sources/MAS_Safety_Project/research/papers_lu/teardown-joint-20260813/05_FAMILY_SYNTHESIS.md	10303	2026-08-24T02:23:35+00:00
待学备课与历史论文导航	/mnt/d/MyResearch/MAS_Safety_Project/research/papers_lu/teardown-joint-20260813/06_SBPN.md	learning/group-entry/sources/MAS_Safety_Project/research/papers_lu/teardown-joint-20260813/06_SBPN.md	61350	2026-08-23T09:09:54+00:00
待学备课与历史论文导航	/mnt/d/MyResearch/MAS_Safety_Project/research/papers_lu/teardown-joint-20260813/06b_SBPN_kg_critique.md	learning/group-entry/sources/MAS_Safety_Project/research/papers_lu/teardown-joint-20260813/06b_SBPN_kg_critique.md	32707	2026-08-23T09:09:54+00:00
待学备课与历史论文导航	/mnt/d/MyResearch/MAS_Safety_Project/research/papers_lu/teardown-joint-20260813/07_EDGEIM.md	learning/group-entry/sources/MAS_Safety_Project/research/papers_lu/teardown-joint-20260813/07_EDGEIM.md	36556	2026-08-23T09:09:54+00:00
待学备课与历史论文导航	/mnt/d/MyResearch/MAS_Safety_Project/research/papers_lu/teardown-joint-20260813/07b_EDGEIM_kg_critique.md	learning/group-entry/sources/MAS_Safety_Project/research/papers_lu/teardown-joint-20260813/07b_EDGEIM_kg_critique.md	31813	2026-08-23T09:09:54+00:00
待学备课与历史论文导航	/mnt/d/MyResearch/MAS_Safety_Project/research/papers_lu/teardown-joint-20260813/08_MHP.md	learning/group-entry/sources/MAS_Safety_Project/research/papers_lu/teardown-joint-20260813/08_MHP.md	50853	2026-08-23T09:09:54+00:00
待学备课与历史论文导航	/mnt/d/MyResearch/MAS_Safety_Project/research/papers_lu/teardown-joint-20260813/08b_MHP_kg_critique.md	learning/group-entry/sources/MAS_Safety_Project/research/papers_lu/teardown-joint-20260813/08b_MHP_kg_critique.md	34802	2026-08-23T09:09:54+00:00
待学备课与历史论文导航	/mnt/d/MyResearch/MAS_Safety_Project/research/papers_lu/teardown-joint-20260813/09_FAMILY_SYNTHESIS_V2.md	learning/group-entry/sources/MAS_Safety_Project/research/papers_lu/teardown-joint-20260813/09_FAMILY_SYNTHESIS_V2.md	47318	2026-08-24T02:24:01+00:00
待学备课与历史论文导航	/mnt/d/MyResearch/MAS_Safety_Project/research/papers_lu/teardown-joint-20260813/15_DEADLOCK_JOS2021.md	learning/group-entry/sources/MAS_Safety_Project/research/papers_lu/teardown-joint-20260813/15_DEADLOCK_JOS2021.md	14121	2026-09-08T07:32:16+00:00
待学备课与历史论文导航	/mnt/d/MyResearch/MAS_Safety_Project/research/papers_lu/teardown-joint-20260813/15b_DEADLOCK_JOS2021_kg_critique.md	learning/group-entry/sources/MAS_Safety_Project/research/papers_lu/teardown-joint-20260813/15b_DEADLOCK_JOS2021_kg_critique.md	26211	2026-09-08T07:34:52+00:00
待学备课与历史论文导航	/mnt/d/MyResearch/MAS_Safety_Project/research/papers_lu/teardown-joint-20260813/99_USER_TODO_20260815.md	learning/group-entry/sources/MAS_Safety_Project/research/papers_lu/teardown-joint-20260813/99_USER_TODO_20260815.md	2504	2026-08-23T09:09:54+00:00
待学备课与历史论文导航	/mnt/d/MyResearch/MAS_Safety_Project/research/papers_lu/teardown-joint-20260813/CHECKPOINT-20260815-window2.md	learning/group-entry/sources/MAS_Safety_Project/research/papers_lu/teardown-joint-20260813/CHECKPOINT-20260815-window2.md	11879	2026-08-21T17:30:17+00:00
待学备课与历史论文导航	/mnt/d/MyResearch/MAS_Safety_Project/research/papers_lu/teardown-joint-20260813/CHECKPOINT-20260815.md	learning/group-entry/sources/MAS_Safety_Project/research/papers_lu/teardown-joint-20260813/CHECKPOINT-20260815.md	2895	2026-08-23T09:09:54+00:00
待学备课与历史论文导航	/mnt/d/MyResearch/MAS_Safety_Project/research/papers_lu/teardown-joint-20260813/CODEX_ACCEPTANCE_BRIEF_20260824.md	learning/group-entry/sources/MAS_Safety_Project/research/papers_lu/teardown-joint-20260813/CODEX_ACCEPTANCE_BRIEF_20260824.md	8554	2026-08-24T05:38:54+00:00
待学备课与历史论文导航	/mnt/d/MyResearch/MAS_Safety_Project/research/papers_lu/teardown-joint-20260813/HANDBOOK_20260824.md	learning/group-entry/sources/MAS_Safety_Project/research/papers_lu/teardown-joint-20260813/HANDBOOK_20260824.md	8215	2026-08-24T05:08:13+00:00
待学备课与历史论文导航	/mnt/d/MyResearch/MAS_Safety_Project/research/papers_lu/teardown-joint-20260813/HANDOFF-20260815-newwindow.md	learning/group-entry/sources/MAS_Safety_Project/research/papers_lu/teardown-joint-20260813/HANDOFF-20260815-newwindow.md	8769	2026-08-21T17:29:53+00:00
待学备课与历史论文导航	/mnt/d/MyResearch/MAS_Safety_Project/research/papers_lu/teardown-joint-20260813/HANDOFF-20260816-finishing-wave.md	learning/group-entry/sources/MAS_Safety_Project/research/papers_lu/teardown-joint-20260813/HANDOFF-20260816-finishing-wave.md	27358	2026-08-21T19:38:17+00:00
待学备课与历史论文导航	/mnt/d/MyResearch/MAS_Safety_Project/research/papers_lu/teardown-joint-20260813/ONBOARDING_PREP_PACK_20260824.md	learning/group-entry/sources/MAS_Safety_Project/research/papers_lu/teardown-joint-20260813/ONBOARDING_PREP_PACK_20260824.md	9880	2026-08-24T06:26:25+00:00
待学备课与历史论文导航	/mnt/d/MyResearch/MAS_Safety_Project/research/papers_lu/teardown-joint-20260813/README.md	learning/group-entry/sources/MAS_Safety_Project/research/papers_lu/teardown-joint-20260813/README.md	10892	2026-08-24T02:24:20+00:00
待学备课与历史论文导航	/mnt/d/MyResearch/MAS_Safety_Project/research/papers_lu/teardown-joint-20260813/REMEDIATION_PLAN_20260824.md	learning/group-entry/sources/MAS_Safety_Project/research/papers_lu/teardown-joint-20260813/REMEDIATION_PLAN_20260824.md	11512	2026-08-24T04:13:43+00:00
待学备课与历史论文导航	/mnt/d/MyResearch/MAS_Safety_Project/research/papers_lu/teardown-joint-20260813/STUDY_EXECUTION_PLAN.md	learning/group-entry/sources/MAS_Safety_Project/research/papers_lu/teardown-joint-20260813/STUDY_EXECUTION_PLAN.md	10478	2026-08-23T09:09:54+00:00
待学备课与历史论文导航	/mnt/d/MyResearch/MAS_Safety_Project/research/papers_lu/teardown-joint-20260813/STUDY_KNOWLEDGE_MAP.md	learning/group-entry/sources/MAS_Safety_Project/research/papers_lu/teardown-joint-20260813/STUDY_KNOWLEDGE_MAP.md	11513	2026-08-23T09:09:54+00:00
待学备课与历史论文导航	/mnt/d/MyResearch/MAS_Safety_Project/research/papers_lu/teardown-joint-20260813/STUDY_ROADMAP.md	learning/group-entry/sources/MAS_Safety_Project/research/papers_lu/teardown-joint-20260813/STUDY_ROADMAP.md	23413	2026-08-24T02:24:06+00:00
待学备课	/mnt/d/MyResearch/MAS_Safety_Project/research/papers_lu/teardown-joint-20260813/teaching/learner_workbook.md	learning/group-entry/sources/MAS_Safety_Project/research/papers_lu/teardown-joint-20260813/teaching/learner_workbook.md	24863	2026-08-24T15:14:43+00:00
待学备课	/mnt/d/MyResearch/MAS_Safety_Project/research/papers_lu/teardown-joint-20260813/teaching/mistakes.md	learning/group-entry/sources/MAS_Safety_Project/research/papers_lu/teardown-joint-20260813/teaching/mistakes.md	9577	2026-08-24T15:14:44+00:00
历史待考	/mnt/d/MyResearch/MAS_Safety_Project/research/papers_lu/teardown-joint-20260813/teaching_paywall3/README.md	learning/group-entry/sources/MAS_Safety_Project/research/papers_lu/teardown-joint-20260813/teaching_paywall3/README.md	6559	2026-08-23T09:09:56+00:00
历史待考	/mnt/d/MyResearch/MAS_Safety_Project/research/papers_lu/teardown-joint-20260813/teaching_paywall3/learner_workbook.md	learning/group-entry/sources/MAS_Safety_Project/research/papers_lu/teardown-joint-20260813/teaching_paywall3/learner_workbook.md	24699	2026-08-23T09:09:56+00:00
历史待考	/mnt/d/MyResearch/MAS_Safety_Project/research/papers_lu/teardown-joint-20260813/teaching_paywall3/mistakes.md	learning/group-entry/sources/MAS_Safety_Project/research/papers_lu/teardown-joint-20260813/teaching_paywall3/mistakes.md	3761	2026-08-23T19:15:36+00:00
待学备课与历史论文导航	/mnt/d/MyResearch/MAS_Safety_Project/research/sun/phase1/papers/ASE2026_ProbGuard/01_QUESTIONS.md	learning/group-entry/sources/MAS_Safety_Project/research/sun/phase1/papers/ASE2026_ProbGuard/01_QUESTIONS.md	9059	2026-08-21T17:48:36+00:00
待学备课与历史论文导航	/mnt/d/MyResearch/MAS_Safety_Project/research/sun/phase1/papers/ASE2026_ProbGuard/02_SKELETON.md	learning/group-entry/sources/MAS_Safety_Project/research/sun/phase1/papers/ASE2026_ProbGuard/02_SKELETON.md	11204	2026-08-13T13:10:31+00:00
待学备课与历史论文导航	/mnt/d/MyResearch/MAS_Safety_Project/research/sun/phase1/papers/ASE2026_ProbGuard/03_PAPER_READ.md	learning/group-entry/sources/MAS_Safety_Project/research/sun/phase1/papers/ASE2026_ProbGuard/03_PAPER_READ.md	25798	2026-08-21T17:47:47+00:00
待学备课与历史论文导航	/mnt/d/MyResearch/MAS_Safety_Project/research/sun/phase1/papers/ASE2026_ProbGuard/04_DERIVATION.md	learning/group-entry/sources/MAS_Safety_Project/research/sun/phase1/papers/ASE2026_ProbGuard/04_DERIVATION.md	18859	2026-08-13T13:19:46+00:00
待学备课与历史论文导航	/mnt/d/MyResearch/MAS_Safety_Project/research/sun/phase1/papers/ASE2026_ProbGuard/ADDENDUM_DTMC_PRISM_FORMAT.md	learning/group-entry/sources/MAS_Safety_Project/research/sun/phase1/papers/ASE2026_ProbGuard/ADDENDUM_DTMC_PRISM_FORMAT.md	21132	2026-08-23T09:09:35+00:00
待学备课与历史论文导航	/mnt/d/MyResearch/MAS_Safety_Project/research/sun/phase1/papers/ASE2026_ProbGuard/GLOSSARY.md	learning/group-entry/sources/MAS_Safety_Project/research/sun/phase1/papers/ASE2026_ProbGuard/GLOSSARY.md	4543	2026-08-13T13:20:52+00:00
待学备课与历史论文导航	/mnt/d/MyResearch/MAS_Safety_Project/research/sun/phase1/papers/ASE2026_ProbGuard/GUIDE_addendum_dtmc_prism.md	learning/group-entry/sources/MAS_Safety_Project/research/sun/phase1/papers/ASE2026_ProbGuard/GUIDE_addendum_dtmc_prism.md	4684	2026-08-23T09:09:35+00:00
待学备课与历史论文导航	/mnt/d/MyResearch/MAS_Safety_Project/research/sun/phase1/papers/ASE2026_ProbGuard/MAINTENANCE_addendum_dtmc_prism.md	learning/group-entry/sources/MAS_Safety_Project/research/sun/phase1/papers/ASE2026_ProbGuard/MAINTENANCE_addendum_dtmc_prism.md	5854	2026-08-23T09:09:35+00:00
待学备课与历史论文导航	/mnt/d/MyResearch/MAS_Safety_Project/research/sun/phase1/papers/ASE2026_ProbGuard/README.md	learning/group-entry/sources/MAS_Safety_Project/research/sun/phase1/papers/ASE2026_ProbGuard/README.md	7881	2026-08-21T17:49:20+00:00
待学备课	/mnt/d/MyResearch/MAS_Safety_Project/research/sun/phase1/papers/ASE2026_ProbGuard/teaching/learner_workbook.md	learning/group-entry/sources/MAS_Safety_Project/research/sun/phase1/papers/ASE2026_ProbGuard/teaching/learner_workbook.md	13874	2026-08-13T18:28:15+00:00
待学备课	/mnt/d/MyResearch/MAS_Safety_Project/research/sun/phase1/papers/ASE2026_ProbGuard/teaching/mistakes.md	learning/group-entry/sources/MAS_Safety_Project/research/sun/phase1/papers/ASE2026_ProbGuard/teaching/mistakes.md	9271	2026-08-21T17:46:55+00:00
待学备课与历史论文导航	/mnt/d/MyResearch/MAS_Safety_Project/research/sun/phase1/papers/FoldA_partial_order_alignment/01_QUESTIONS.md	learning/group-entry/sources/MAS_Safety_Project/research/sun/phase1/papers/FoldA_partial_order_alignment/01_QUESTIONS.md	9171	2026-08-13T13:22:20+00:00
待学备课与历史论文导航	/mnt/d/MyResearch/MAS_Safety_Project/research/sun/phase1/papers/FoldA_partial_order_alignment/03_PAPER_READ.md	learning/group-entry/sources/MAS_Safety_Project/research/sun/phase1/papers/FoldA_partial_order_alignment/03_PAPER_READ.md	21049	2026-08-21T17:43:58+00:00
待学备课与历史论文导航	/mnt/d/MyResearch/MAS_Safety_Project/research/sun/phase1/papers/FoldA_partial_order_alignment/04_DERIVATION.md	learning/group-entry/sources/MAS_Safety_Project/research/sun/phase1/papers/FoldA_partial_order_alignment/04_DERIVATION.md	25431	2026-08-13T13:31:44+00:00
待学备课与历史论文导航	/mnt/d/MyResearch/MAS_Safety_Project/research/sun/phase1/papers/FoldA_partial_order_alignment/GLOSSARY.md	learning/group-entry/sources/MAS_Safety_Project/research/sun/phase1/papers/FoldA_partial_order_alignment/GLOSSARY.md	7850	2026-08-13T13:33:09+00:00
待学备课与历史论文导航	/mnt/d/MyResearch/MAS_Safety_Project/research/sun/phase1/papers/FoldA_partial_order_alignment/README.md	learning/group-entry/sources/MAS_Safety_Project/research/sun/phase1/papers/FoldA_partial_order_alignment/README.md	10088	2026-08-21T17:43:39+00:00
待学备课	/mnt/d/MyResearch/MAS_Safety_Project/research/sun/phase1/papers/FoldA_partial_order_alignment/teaching/learner_workbook.md	learning/group-entry/sources/MAS_Safety_Project/research/sun/phase1/papers/FoldA_partial_order_alignment/teaching/learner_workbook.md	12786	2026-08-21T17:41:48+00:00
待学备课	/mnt/d/MyResearch/MAS_Safety_Project/research/sun/phase1/papers/FoldA_partial_order_alignment/teaching/mistakes.md	learning/group-entry/sources/MAS_Safety_Project/research/sun/phase1/papers/FoldA_partial_order_alignment/teaching/mistakes.md	7250	2026-08-13T18:38:16+00:00
待学备课与历史论文导航	/mnt/d/MyResearch/MAS_Safety_Project/research/sun/phase1/papers/ICSE2026_AgentSpec/01_QUESTIONS.md	learning/group-entry/sources/MAS_Safety_Project/research/sun/phase1/papers/ICSE2026_AgentSpec/01_QUESTIONS.md	7167	2026-08-21T17:26:42+00:00
待学备课与历史论文导航	/mnt/d/MyResearch/MAS_Safety_Project/research/sun/phase1/papers/ICSE2026_AgentSpec/02_SKELETON.md	learning/group-entry/sources/MAS_Safety_Project/research/sun/phase1/papers/ICSE2026_AgentSpec/02_SKELETON.md	10243	2026-08-13T13:13:07+00:00
待学备课与历史论文导航	/mnt/d/MyResearch/MAS_Safety_Project/research/sun/phase1/papers/ICSE2026_AgentSpec/03_PAPER_READ.md	learning/group-entry/sources/MAS_Safety_Project/research/sun/phase1/papers/ICSE2026_AgentSpec/03_PAPER_READ.md	19022	2026-08-21T17:25:57+00:00
待学备课与历史论文导航	/mnt/d/MyResearch/MAS_Safety_Project/research/sun/phase1/papers/ICSE2026_AgentSpec/04_DERIVATION.md	learning/group-entry/sources/MAS_Safety_Project/research/sun/phase1/papers/ICSE2026_AgentSpec/04_DERIVATION.md	12361	2026-08-21T17:25:15+00:00
待学备课与历史论文导航	/mnt/d/MyResearch/MAS_Safety_Project/research/sun/phase1/papers/ICSE2026_AgentSpec/GLOSSARY.md	learning/group-entry/sources/MAS_Safety_Project/research/sun/phase1/papers/ICSE2026_AgentSpec/GLOSSARY.md	5143	2026-08-21T17:29:34+00:00
待学备课与历史论文导航	/mnt/d/MyResearch/MAS_Safety_Project/research/sun/phase1/papers/ICSE2026_AgentSpec/README.md	learning/group-entry/sources/MAS_Safety_Project/research/sun/phase1/papers/ICSE2026_AgentSpec/README.md	4892	2026-08-13T13:10:55+00:00
待学备课	/mnt/d/MyResearch/MAS_Safety_Project/research/sun/phase1/papers/ICSE2026_AgentSpec/teaching/learner_workbook.md	learning/group-entry/sources/MAS_Safety_Project/research/sun/phase1/papers/ICSE2026_AgentSpec/teaching/learner_workbook.md	10726	2026-08-13T18:28:24+00:00
待学备课	/mnt/d/MyResearch/MAS_Safety_Project/research/sun/phase1/papers/ICSE2026_AgentSpec/teaching/mistakes.md	learning/group-entry/sources/MAS_Safety_Project/research/sun/phase1/papers/ICSE2026_AgentSpec/teaching/mistakes.md	8229	2026-08-21T17:27:38+00:00
论文原文	/mnt/d/MyResearch/SBTPN-2026-JAS-supplementary.pdf	learning/group-entry/sources/SBTPN-2026-JAS-supplementary.pdf	2823531	2026-08-12T18:13:15+00:00
论文原文	/mnt/d/MyResearch/SBTPN-2026-JAS.pdf	learning/group-entry/sources/SBTPN-2026-JAS.pdf	4245409	2026-08-12T18:13:13+00:00
论文原文	/mnt/d/MyResearch/UAF-PN-VFG-2025-IEEEAccess.pdf	learning/group-entry/sources/UAF-PN-VFG-2025-IEEEAccess.pdf	1527852	2026-08-12T18:13:35+00:00
专项训练输入（迁移后的路径）	/mnt/d/MyResearch/casual/companion-survey/01_memory/cross-window-design/cross-window-memory/README.md	learning/group-entry/sources/casual/companion-survey/01_memory/cross-window-design/cross-window-memory/README.md	42269	2026-08-13T11:21:24+00:00
专项训练输入（迁移后的路径）	/mnt/d/MyResearch/casual/companion-survey/01_memory/cross-window-design/cross-window-memory/记忆架构-1-分工全景（F5）.svg	learning/group-entry/sources/casual/companion-survey/01_memory/cross-window-design/cross-window-memory/记忆架构-1-分工全景（F5）.svg	7836	2026-08-13T11:21:23+00:00
专项训练输入（迁移后的路径）	/mnt/d/MyResearch/casual/companion-survey/01_memory/cross-window-design/cross-window-memory/记忆架构-2-写入路径（F5）.svg	learning/group-entry/sources/casual/companion-survey/01_memory/cross-window-design/cross-window-memory/记忆架构-2-写入路径（F5）.svg	4679	2026-08-13T11:21:23+00:00
专项训练输入（迁移后的路径）	/mnt/d/MyResearch/casual/companion-survey/01_memory/cross-window-design/cross-window-memory/记忆架构-3-读取与缓存（F5）.svg	learning/group-entry/sources/casual/companion-survey/01_memory/cross-window-design/cross-window-memory/记忆架构-3-读取与缓存（F5）.svg	5714	2026-08-13T11:21:23+00:00
专项训练输入（迁移后的路径）	/mnt/d/MyResearch/casual/companion-survey/01_memory/cross-window-design/cross-window-memory/跨窗口共享记忆架构（F5）.pdf	learning/group-entry/sources/casual/companion-survey/01_memory/cross-window-design/cross-window-memory/跨窗口共享记忆架构（F5）.pdf	2445827	2026-08-13T11:21:24+00:00
论文原文	/mnt/d/MyResearch/casual/companion-survey/14_academic/papers-P0/2607.28818_best-friends-not-forever.pdf	learning/group-entry/sources/casual/companion-survey/14_academic/papers-P0/2607.28818_best-friends-not-forever.pdf	1301207	2026-08-13T12:56:58+00:00
待学备课与历史论文导航	/mnt/d/MyResearch/casual/companion-survey/14_academic/teardowns/Anchor/01_QUESTIONS.md	learning/group-entry/sources/casual/companion-survey/14_academic/teardowns/Anchor/01_QUESTIONS.md	8246	2026-08-13T13:08:12+00:00
待学备课与历史论文导航	/mnt/d/MyResearch/casual/companion-survey/14_academic/teardowns/Anchor/03_PAPER_READ.md	learning/group-entry/sources/casual/companion-survey/14_academic/teardowns/Anchor/03_PAPER_READ.md	24678	2026-08-21T17:31:41+00:00
待学备课与历史论文导航	/mnt/d/MyResearch/casual/companion-survey/14_academic/teardowns/Anchor/05_PROBE_BANK_v0.md	learning/group-entry/sources/casual/companion-survey/14_academic/teardowns/Anchor/05_PROBE_BANK_v0.md	20564	2026-08-13T13:14:33+00:00
待学备课与历史论文导航	/mnt/d/MyResearch/casual/companion-survey/14_academic/teardowns/Anchor/GLOSSARY.md	learning/group-entry/sources/casual/companion-survey/14_academic/teardowns/Anchor/GLOSSARY.md	8770	2026-08-13T13:15:52+00:00
待学备课与历史论文导航	/mnt/d/MyResearch/casual/companion-survey/14_academic/teardowns/Anchor/README.md	learning/group-entry/sources/casual/companion-survey/14_academic/teardowns/Anchor/README.md	4518	2026-08-13T13:06:57+00:00
待学备课	/mnt/d/MyResearch/casual/companion-survey/14_academic/teardowns/Anchor/teaching/learner_workbook.md	learning/group-entry/sources/casual/companion-survey/14_academic/teardowns/Anchor/teaching/learner_workbook.md	11174	2026-08-13T18:28:05+00:00
待学备课	/mnt/d/MyResearch/casual/companion-survey/14_academic/teardowns/Anchor/teaching/mistakes.md	learning/group-entry/sources/casual/companion-survey/14_academic/teardowns/Anchor/teaching/mistakes.md	6994	2026-08-13T18:34:32+00:00
待学备课与历史论文导航	/mnt/d/MyResearch/casual/companion-survey/14_academic/teardowns/EmoAgent/01_QUESTIONS.md	learning/group-entry/sources/casual/companion-survey/14_academic/teardowns/EmoAgent/01_QUESTIONS.md	6664	2026-08-13T15:44:34+00:00
待学备课与历史论文导航	/mnt/d/MyResearch/casual/companion-survey/14_academic/teardowns/EmoAgent/03_PAPER_READ.md	learning/group-entry/sources/casual/companion-survey/14_academic/teardowns/EmoAgent/03_PAPER_READ.md	18782	2026-08-13T15:44:48+00:00
待学备课与历史论文导航	/mnt/d/MyResearch/casual/companion-survey/14_academic/teardowns/EmoAgent/05_REUSE_MAP.md	learning/group-entry/sources/casual/companion-survey/14_academic/teardowns/EmoAgent/05_REUSE_MAP.md	16312	2026-08-13T15:45:05+00:00
待学备课与历史论文导航	/mnt/d/MyResearch/casual/companion-survey/14_academic/teardowns/EmoAgent/06_EVIDENCE_AUDIT.md	learning/group-entry/sources/casual/companion-survey/14_academic/teardowns/EmoAgent/06_EVIDENCE_AUDIT.md	8507	2026-08-13T14:15:37+00:00
待学备课与历史论文导航	/mnt/d/MyResearch/casual/companion-survey/14_academic/teardowns/EmoAgent/09_ETHICS_LICENSE.md	learning/group-entry/sources/casual/companion-survey/14_academic/teardowns/EmoAgent/09_ETHICS_LICENSE.md	11654	2026-08-13T14:16:39+00:00
待学备课与历史论文导航	/mnt/d/MyResearch/casual/companion-survey/14_academic/teardowns/EmoAgent/GLOSSARY.md	learning/group-entry/sources/casual/companion-survey/14_academic/teardowns/EmoAgent/GLOSSARY.md	5245	2026-08-13T14:11:26+00:00
待学备课与历史论文导航	/mnt/d/MyResearch/casual/companion-survey/14_academic/teardowns/EmoAgent/README.md	learning/group-entry/sources/casual/companion-survey/14_academic/teardowns/EmoAgent/README.md	10273	2026-08-13T16:45:13+00:00
待学备课	/mnt/d/MyResearch/casual/companion-survey/14_academic/teardowns/EmoAgent/teaching/learner_workbook.md	learning/group-entry/sources/casual/companion-survey/14_academic/teardowns/EmoAgent/teaching/learner_workbook.md	6691	2026-08-13T14:16:33+00:00
待学备课	/mnt/d/MyResearch/casual/companion-survey/14_academic/teardowns/EmoAgent/teaching/mistakes.md	learning/group-entry/sources/casual/companion-survey/14_academic/teardowns/EmoAgent/teaching/mistakes.md	5078	2026-08-13T14:12:14+00:00
待学备课与历史论文导航	/mnt/d/MyResearch/casual/companion-survey/14_academic/teardowns/INTIMA/01_QUESTIONS.md	learning/group-entry/sources/casual/companion-survey/14_academic/teardowns/INTIMA/01_QUESTIONS.md	3530	2026-08-13T13:04:00+00:00
待学备课与历史论文导航	/mnt/d/MyResearch/casual/companion-survey/14_academic/teardowns/INTIMA/03_PAPER_READ.md	learning/group-entry/sources/casual/companion-survey/14_academic/teardowns/INTIMA/03_PAPER_READ.md	21432	2026-08-21T17:10:37+00:00
待学备课与历史论文导航	/mnt/d/MyResearch/casual/companion-survey/14_academic/teardowns/INTIMA/05_PREDICATES_v0.md	learning/group-entry/sources/casual/companion-survey/14_academic/teardowns/INTIMA/05_PREDICATES_v0.md	22518	2026-08-21T17:21:57+00:00
待学备课与历史论文导航	/mnt/d/MyResearch/casual/companion-survey/14_academic/teardowns/INTIMA/GLOSSARY.md	learning/group-entry/sources/casual/companion-survey/14_academic/teardowns/INTIMA/GLOSSARY.md	5549	2026-08-13T13:11:19+00:00
待学备课与历史论文导航	/mnt/d/MyResearch/casual/companion-survey/14_academic/teardowns/INTIMA/README.md	learning/group-entry/sources/casual/companion-survey/14_academic/teardowns/INTIMA/README.md	3754	2026-08-21T17:21:10+00:00
待学备课	/mnt/d/MyResearch/casual/companion-survey/14_academic/teardowns/INTIMA/teaching/learner_workbook.md	learning/group-entry/sources/casual/companion-survey/14_academic/teardowns/INTIMA/teaching/learner_workbook.md	12390	2026-08-21T17:19:37+00:00
待学备课	/mnt/d/MyResearch/casual/companion-survey/14_academic/teardowns/INTIMA/teaching/mistakes.md	learning/group-entry/sources/casual/companion-survey/14_academic/teardowns/INTIMA/teaching/mistakes.md	8357	2026-08-21T17:20:22+00:00
EX-01公开读前材料	/mnt/d/MyResearch/MAS_Safety_Project/research/tracebridge_full_spectrum_20260830/00_control/_scratch/2026-09-03__teardown-reuse/EX-01_reading-kit.md	learning/group-entry/sources/MAS_Safety_Project/research/tracebridge_full_spectrum_20260830/00_control/_scratch/2026-09-03__teardown-reuse/EX-01_reading-kit.md	6768	2026-09-04T15:47:06+00:00
EX-01公开读前材料	/mnt/d/MyResearch/MAS_Safety_Project/research/tracebridge_full_spectrum_20260830/00_control/_scratch/2026-09-03__teardown-reuse/EX-01_reading-method_3KB.md	learning/group-entry/sources/MAS_Safety_Project/research/tracebridge_full_spectrum_20260830/00_control/_scratch/2026-09-03__teardown-reuse/EX-01_reading-method_3KB.md	5840	2026-09-04T16:04:51+00:00
